onset	duration	sample	trigger
10.327	0.001	10327	254
258.76	0.001	258760	201
260.388	0.001	260388	4
261.786	0.001	261786	24
263.284	0.001	263284	60
263.783	0.001	263783	44
265.99	0.001	265990	103
268.457	0.001	268457	4
269.855	0.001	269855	24
271.363	0.001	271363	60
271.862	0.001	271862	44
272.611	0.001	272611	103
276.826	0.001	276826	6
278.224	0.001	278224	26
279.732	0.001	279732	60
280.231	0.001	280231	46
282.069	0.001	282069	103
285.075	0.001	285075	8
286.473	0.001	286473	28
287.971	0.001	287971	60
288.47	0.001	288470	48
289.688	0.001	289688	103
293.503	0.001	293503	3
294.891	0.001	294891	23
296.399	0.001	296399	60
296.898	0.001	296898	43
297.318	0.001	297318	103
301.562	0.001	301562	11
302.96	0.001	302960	31
304.458	0.001	304458	60
304.958	0.001	304958	51
305.537	0.001	305537	103
309.961	0.001	309961	9
311.349	0.001	311349	29
312.857	0.001	312857	60
313.366	0.001	313366	49
313.955	0.001	313955	103
318.22	0.001	318220	10
319.618	0.001	319618	30
321.126	0.001	321126	60
321.635	0.001	321635	50
322.554	0.001	322554	103
326.518	0.001	326518	1
327.906	0.001	327906	21
329.414	0.001	329414	60
329.914	0.001	329914	41
330.553	0.001	330553	103
334.857	0.001	334857	1
336.255	0.001	336255	21
337.753	0.001	337753	60
338.262	0.001	338262	41
339.291	0.001	339291	103
343.006	0.001	343006	3
344.394	0.001	344394	23
345.902	0.001	345902	60
346.411	0.001	346411	43
347.3	0.001	347300	103
351.065	0.001	351065	12
352.463	0.001	352463	32
353.961	0.001	353961	60
354.46	0.001	354460	52
355.459	0.001	355459	103
359.394	0.001	359394	11
360.792	0.001	360792	31
362.29	0.001	362290	60
362.789	0.001	362789	51
363.638	0.001	363638	103
367.583	0.001	367583	2
368.981	0.001	368981	22
370.479	0.001	370479	60
370.988	0.001	370988	42
371.547	0.001	371547	103
375.901	0.001	375901	7
377.299	0.001	377299	27
378.797	0.001	378797	60
379.297	0.001	379297	47
379.946	0.001	379946	103
384.19	0.001	384190	5
385.578	0.001	385578	25
387.086	0.001	387086	60
387.595	0.001	387595	45
388.874	0.001	388874	103
392.359	0.001	392359	6
393.747	0.001	393747	26
395.265	0.001	395265	60
395.774	0.001	395774	46
397.112	0.001	397112	103
400.698	0.001	400698	2
402.096	0.001	402096	22
403.594	0.001	403594	60
404.103	0.001	404103	42
404.872	0.001	404872	103
408.797	0.001	408797	9
410.195	0.001	410195	29
411.713	0.001	411713	60
412.212	0.001	412212	49
413.081	0.001	413081	103
416.966	0.001	416966	12
418.364	0.001	418364	32
419.862	0.001	419862	60
420.361	0.001	420361	52
425.094	0.001	425094	5
426.493	0.001	426493	25
428.001	0.001	428001	60
428.51	0.001	428510	45
428.989	0.001	428989	103
433.553	0.001	433553	10
434.941	0.001	434941	30
436.449	0.001	436449	60
436.958	0.001	436958	50
437.598	0.001	437598	103
441.982	0.001	441982	7
443.38	0.001	443380	27
444.878	0.001	444878	60
445.387	0.001	445387	47
446.605	0.001	446605	103
450.14	0.001	450140	8
451.539	0.001	451539	28
453.057	0.001	453057	60
453.556	0.001	453556	48
454.475	0.001	454475	103
457.62	0.001	457620	255
555.485	0.001	555485	254
558.012	0.001	558012	201
559.869	0.001	559869	2
561.267	0.001	561267	22
562.765	0.001	562765	60
563.265	0.001	563265	42
564.533	0.001	564533	103
568.068	0.001	568068	6
569.466	0.001	569466	26
570.974	0.001	570974	60
571.474	0.001	571474	46
571.963	0.001	571963	103
576.217	0.001	576217	8
577.615	0.001	577615	28
579.113	0.001	579113	60
579.613	0.001	579613	48
580.352	0.001	580352	103
584.406	0.001	584406	7
585.804	0.001	585804	27
587.312	0.001	587312	60
587.821	0.001	587821	47
588.441	0.001	588441	103
592.565	0.001	592565	2
593.963	0.001	593963	22
595.471	0.001	595471	60
595.97	0.001	595970	42
596.899	0.001	596899	103
600.654	0.001	600654	8
602.052	0.001	602052	28
603.56	0.001	603560	60
604.069	0.001	604069	48
604.589	0.001	604589	103
609.023	0.001	609023	7
610.421	0.001	610421	27
611.939	0.001	611939	60
612.438	0.001	612438	47
613.127	0.001	613127	103
617.012	0.001	617012	3
618.41	0.001	618410	23
619.918	0.001	619918	60
620.417	0.001	620417	43
620.936	0.001	620936	103
625.231	0.001	625231	2
626.629	0.001	626629	22
628.137	0.001	628137	60
628.636	0.001	628636	42
629.185	0.001	629185	103
633.35	0.001	633350	9
634.748	0.001	634748	29
636.266	0.001	636266	60
636.765	0.001	636765	49
637.484	0.001	637484	103
641.399	0.001	641399	12
642.797	0.001	642797	32
644.295	0.001	644295	60
644.794	0.001	644794	52
645.293	0.001	645293	103
649.578	0.001	649578	3
650.976	0.001	650976	23
652.474	0.001	652474	60
652.983	0.001	652983	43
654.371	0.001	654371	103
657.627	0.001	657627	8
659.025	0.001	659025	28
660.533	0.001	660533	60
661.032	0.001	661032	48
662.31	0.001	662310	103
665.756	0.001	665756	2
667.154	0.001	667154	22
668.662	0.001	668662	60
669.161	0.001	669161	42
670.04	0.001	670040	103
674.094	0.001	674094	11
675.482	0.001	675482	31
677	0.001	677000	60
677.5	0.001	677500	51
677.879	0.001	677879	103
682.433	0.001	682433	1
683.831	0.001	683831	21
685.329	0.001	685329	60
685.838	0.001	685838	41
686.637	0.001	686637	103
690.772	0.001	690772	9
692.16	0.001	692160	29
693.678	0.001	693678	60
694.177	0.001	694177	49
695.056	0.001	695056	103
699.02	0.001	699020	11
700.409	0.001	700409	31
701.917	0.001	701917	60
702.416	0.001	702416	51
703.015	0.001	703015	103
707.1	0.001	707100	7
708.488	0.001	708488	27
710.006	0.001	710006	60
710.515	0.001	710515	47
711.823	0.001	711823	103
715.578	0.001	715578	1
716.976	0.001	716976	21
718.484	0.001	718484	60
718.983	0.001	718983	41
720.002	0.001	720002	103
723.727	0.001	723727	12
725.125	0.001	725125	32
726.623	0.001	726623	60
727.122	0.001	727122	52
728.171	0.001	728171	103
732.026	0.001	732026	7
733.424	0.001	733424	27
734.932	0.001	734932	60
735.441	0.001	735441	47
736.47	0.001	736470	103
740.025	0.001	740025	7
741.423	0.001	741423	27
742.921	0.001	742921	60
743.42	0.001	743420	47
743.75	0.001	743750	103
747.994	0.001	747994	5
749.392	0.001	749392	25
750.9	0.001	750900	60
751.399	0.001	751399	45
752.508	0.001	752508	103
756.253	0.001	756253	7
757.651	0.001	757651	27
759.159	0.001	759159	60
759.668	0.001	759668	47
760.337	0.001	760337	103
764.272	0.001	764272	7
765.66	0.001	765660	27
767.178	0.001	767178	60
767.677	0.001	767677	47
768.286	0.001	768286	103
772.281	0.001	772281	12
773.679	0.001	773679	32
775.167	0.001	775167	60
775.676	0.001	775676	52
776.495	0.001	776495	103
780.25	0.001	780250	9
781.648	0.001	781648	29
783.156	0.001	783156	60
783.666	0.001	783666	49
784.195	0.001	784195	103
788.359	0.001	788359	4
789.757	0.001	789757	24
791.255	0.001	791255	60
791.765	0.001	791765	44
792.653	0.001	792653	103
796.348	0.001	796348	6
797.746	0.001	797746	26
799.244	0.001	799244	60
799.744	0.001	799744	46
800.143	0.001	800143	103
804.427	0.001	804427	8
805.825	0.001	805825	28
807.323	0.001	807323	60
807.833	0.001	807833	48
808.582	0.001	808582	103
812.856	0.001	812856	4
814.254	0.001	814254	24
815.762	0.001	815762	60
816.271	0.001	816271	44
817.3	0.001	817300	103
821.195	0.001	821195	2
822.593	0.001	822593	22
824.101	0.001	824101	60
824.6	0.001	824600	42
825.319	0.001	825319	103
829.234	0.001	829234	5
830.632	0.001	830632	25
832.12	0.001	832120	60
832.629	0.001	832629	45
833.108	0.001	833108	103
837.672	0.001	837672	1
839.06	0.001	839060	21
840.558	0.001	840558	60
841.068	0.001	841068	41
841.787	0.001	841787	103
845.921	0.001	845921	8
847.319	0.001	847319	28
848.827	0.001	848827	60
849.336	0.001	849336	48
850.095	0.001	850095	103
854.33	0.001	854330	3
855.728	0.001	855728	23
857.226	0.001	857226	60
857.735	0.001	857735	43
859.233	0.001	859233	103
862.778	0.001	862778	6
864.176	0.001	864176	26
865.684	0.001	865684	60
866.194	0.001	866194	46
866.613	0.001	866613	103
871.077	0.001	871077	8
872.475	0.001	872475	28
873.983	0.001	873983	60
874.482	0.001	874482	48
875.261	0.001	875261	103
879.216	0.001	879216	10
880.604	0.001	880604	30
882.102	0.001	882102	60
882.611	0.001	882611	50
883.111	0.001	883111	103
887.545	0.001	887545	10
888.943	0.001	888943	30
890.451	0.001	890451	60
890.96	0.001	890960	50
891.429	0.001	891429	103
895.863	0.001	895863	9
897.251	0.001	897251	29
898.759	0.001	898759	60
899.269	0.001	899269	49
904.022	0.001	904022	3
905.42	0.001	905420	23
906.938	0.001	906938	60
907.438	0.001	907438	43
908.236	0.001	908236	103
912.151	0.001	912151	10
913.549	0.001	913549	30
915.057	0.001	915057	60
915.557	0.001	915557	50
916.016	0.001	916016	103
920.59	0.001	920590	6
921.988	0.001	921988	26
923.476	0.001	923476	60
923.985	0.001	923985	46
924.884	0.001	924884	103
928.958	0.001	928958	12
930.356	0.001	930356	32
931.854	0.001	931854	60
932.364	0.001	932364	52
933.692	0.001	933692	103
937.217	0.001	937217	10
938.605	0.001	938605	30
938.885	0.001	938885	61
940.623	0.001	940623	50
945.326	0.001	945326	5
946.714	0.001	946714	25
948.222	0.001	948222	60
948.722	0.001	948722	45
949.54	0.001	949540	103
953.605	0.001	953605	12
955.003	0.001	955003	32
955.093	0.001	955093	62
957.02	0.001	957020	52
961.964	0.001	961964	1
963.362	0.001	963362	21
964.86	0.001	964860	60
965.369	0.001	965369	41
965.479	0.001	965479	103
970.342	0.001	970342	5
971.74	0.001	971740	25
973.248	0.001	973248	60
973.748	0.001	973748	45
975.705	0.001	975705	103
978.621	0.001	978621	10
980.019	0.001	980019	30
981.527	0.001	981527	60
982.026	0.001	982026	50
983.235	0.001	983235	103
986.66	0.001	986660	3
988.058	0.001	988058	23
989.566	0.001	989566	60
990.065	0.001	990065	43
991.284	0.001	991284	103
995.029	0.001	995029	5
996.427	0.001	996427	25
997.935	0.001	997935	60
998.434	0.001	998434	45
999.293	0.001	999293	103
1003.038	0.001	1003038	4
1004.436	0.001	1004436	24
1005.954	0.001	1005954	60
1006.453	0.001	1006453	44
1007.642	0.001	1007642	103
1011.057	0.001	1011057	3
1012.455	0.001	1012455	23
1013.963	0.001	1013963	60
1014.462	0.001	1014462	43
1015.691	0.001	1015691	103
1019.196	0.001	1019196	2
1020.594	0.001	1020594	22
1022.082	0.001	1022082	60
1022.591	0.001	1022591	42
1023.56	0.001	1023560	103
1027.515	0.001	1027515	11
1028.903	0.001	1028903	31
1030.421	0.001	1030421	60
1030.92	0.001	1030920	51
1031.998	0.001	1031998	103
1035.933	0.001	1035933	10
1037.321	0.001	1037321	30
1038.819	0.001	1038819	60
1039.319	0.001	1039319	50
1040.167	0.001	1040167	103
1044.402	0.001	1044402	1
1045.79	0.001	1045790	21
1047.298	0.001	1047298	60
1047.797	0.001	1047797	41
1048.456	0.001	1048456	103
1052.561	0.001	1052561	7
1053.949	0.001	1053949	27
1055.457	0.001	1055457	60
1055.966	0.001	1055966	47
1056.975	0.001	1056975	103
1061.039	0.001	1061039	11
1062.427	0.001	1062427	31
1063.935	0.001	1063935	60
1064.434	0.001	1064434	51
1065.044	0.001	1065044	103
1069.308	0.001	1069308	9
1070.696	0.001	1070696	29
1072.214	0.001	1072214	60
1072.713	0.001	1072713	49
1074.171	0.001	1074171	103
1077.377	0.001	1077377	5
1078.775	0.001	1078775	25
1080.293	0.001	1080293	60
1080.792	0.001	1080792	45
1081.431	0.001	1081431	103
1085.396	0.001	1085396	3
1086.794	0.001	1086794	23
1088.302	0.001	1088302	60
1088.811	0.001	1088811	43
1090.319	0.001	1090319	103
1093.505	0.001	1093505	9
1094.903	0.001	1094903	29
1096.411	0.001	1096411	60
1096.92	0.001	1096920	49
1097.849	0.001	1097849	103
1101.504	0.001	1101504	6
1102.902	0.001	1102902	26
1104.4	0.001	1104400	60
1104.9	0.001	1104900	46
1105.639	0.001	1105639	103
1109.963	0.001	1109963	7
1111.351	0.001	1111351	27
1111.401	0.001	1111401	62
1113.368	0.001	1113368	47
1114.696	0.001	1114696	103
1118.132	0.001	1118132	6
1119.53	0.001	1119530	26
1121.018	0.001	1121018	60
1121.537	0.001	1121537	46
1122.755	0.001	1122755	103
1126.4	0.001	1126400	6
1127.788	0.001	1127788	26
1129.296	0.001	1129296	60
1129.796	0.001	1129796	46
1134.829	0.001	1134829	4
1136.217	0.001	1136217	24
1137.735	0.001	1137735	60
1138.234	0.001	1138234	44
1139.343	0.001	1139343	103
1142.948	0.001	1142948	10
1144.346	0.001	1144346	30
1145.844	0.001	1145844	60
1146.353	0.001	1146353	50
1147.072	0.001	1147072	103
1151.237	0.001	1151237	6
1152.635	0.001	1152635	26
1154.153	0.001	1154153	60
1154.652	0.001	1154652	46
1154.982	0.001	1154982	103
1159.635	0.001	1159635	11
1161.023	0.001	1161023	31
1162.521	0.001	1162521	60
1163.021	0.001	1163021	51
1163.59	0.001	1163590	103
1167.914	0.001	1167914	9
1169.312	0.001	1169312	29
1170.81	0.001	1170810	60
1171.319	0.001	1171319	49
1171.819	0.001	1171819	103
1175.963	0.001	1175963	3
1177.361	0.001	1177361	23
1178.859	0.001	1178859	60
1179.358	0.001	1179358	43
1180.048	0.001	1180048	103
1184.062	0.001	1184062	2
1185.46	0.001	1185460	22
1186.958	0.001	1186958	60
1187.467	0.001	1187467	42
1188.167	0.001	1188167	103
1192.311	0.001	1192311	12
1193.709	0.001	1193709	32
1195.217	0.001	1195217	60
1195.726	0.001	1195726	52
1198.383	0.001	1198383	103
1200.709	0.001	1200709	1
1202.108	0.001	1202108	21
1203.616	0.001	1203616	60
1204.115	0.001	1204115	41
1204.774	0.001	1204774	103
1208.878	0.001	1208878	3
1210.277	0.001	1210277	23
1211.784	0.001	1211784	60
1212.294	0.001	1212294	43
1213.183	0.001	1213183	103
1217.347	0.001	1217347	2
1218.745	0.001	1218745	22
1220.243	0.001	1220243	60
1220.742	0.001	1220742	42
1221.232	0.001	1221232	103
1225.706	0.001	1225706	6
1227.104	0.001	1227104	26
1228.612	0.001	1228612	60
1229.111	0.001	1229111	46
1229.51	0.001	1229510	103
1234.044	0.001	1234044	8
1235.442	0.001	1235442	28
1236.95	0.001	1236950	60
1237.46	0.001	1237460	48
1238.209	0.001	1238209	103
1242.283	0.001	1242283	4
1243.671	0.001	1243671	24
1245.179	0.001	1245179	60
1245.688	0.001	1245688	44
1246.098	0.001	1246098	103
1250.262	0.001	1250262	5
1251.66	0.001	1251660	25
1253.158	0.001	1253158	60
1253.668	0.001	1253668	45
1254.287	0.001	1254287	103
1258.571	0.001	1258571	5
1259.959	0.001	1259959	25
1261.467	0.001	1261467	60
1261.966	0.001	1261966	45
1262.456	0.001	1262456	103
1266.65	0.001	1266650	11
1268.048	0.001	1268048	31
1269.556	0.001	1269556	60
1270.055	0.001	1270055	51
1270.405	0.001	1270405	103
1274.729	0.001	1274729	11
1276.127	0.001	1276127	31
1277.635	0.001	1277635	60
1278.134	0.001	1278134	51
1278.604	0.001	1278604	103
1282.768	0.001	1282768	9
1284.166	0.001	1284166	29
1285.674	0.001	1285674	60
1286.183	0.001	1286183	49
1286.843	0.001	1286843	103
1290.947	0.001	1290947	3
1292.335	0.001	1292335	23
1293.843	0.001	1293843	60
1294.342	0.001	1294342	43
1295.501	0.001	1295501	103
1299.116	0.001	1299116	12
1300.514	0.001	1300514	32
1302.032	0.001	1302032	60
1302.531	0.001	1302531	52
1303.979	0.001	1303979	103
1307.435	0.001	1307435	12
1308.823	0.001	1308823	32
1310.331	0.001	1310331	60
1310.83	0.001	1310830	52
1311.659	0.001	1311659	103
1315.653	0.001	1315653	1
1317.052	0.001	1317052	21
1318.56	0.001	1318560	60
1319.059	0.001	1319059	41
1319.618	0.001	1319618	103
1324.082	0.001	1324082	8
1325.48	0.001	1325480	28
1326.978	0.001	1326978	60
1327.477	0.001	1327477	48
1327.967	0.001	1327967	103
1332.381	0.001	1332381	4
1333.779	0.001	1333779	24
1335.267	0.001	1335267	60
1335.776	0.001	1335776	44
1336.166	0.001	1336166	103
1340.55	0.001	1340550	11
1341.948	0.001	1341948	31
1343.446	0.001	1343446	60
1343.955	0.001	1343955	51
1344.654	0.001	1344654	103
1348.759	0.001	1348759	8
1350.157	0.001	1350157	28
1351.665	0.001	1351665	60
1352.164	0.001	1352164	48
1353.123	0.001	1353123	103
1356.758	0.001	1356758	11
1358.146	0.001	1358146	31
1359.654	0.001	1359654	60
1360.153	0.001	1360153	51
1360.493	0.001	1360493	103
1365.116	0.001	1365116	1
1366.514	0.001	1366514	21
1368.002	0.001	1368002	60
1368.512	0.001	1368512	41
1368.991	0.001	1368991	103
1373.255	0.001	1373255	4
1374.653	0.001	1374653	24
1376.161	0.001	1376161	60
1376.661	0.001	1376661	44
1377.709	0.001	1377709	103
1381.674	0.001	1381674	6
1383.062	0.001	1383062	26
1384.56	0.001	1384560	60
1385.079	0.001	1385079	46
1385.788	0.001	1385788	103
1390.122	0.001	1390122	8
1391.521	0.001	1391521	28
1393.018	0.001	1393018	60
1393.528	0.001	1393528	48
1394.277	0.001	1394277	103
1398.601	0.001	1398601	4
1399.989	0.001	1399989	24
1401.487	0.001	1401487	60
1401.996	0.001	1401996	44
1402.156	0.001	1402156	103
1406.9	0.001	1406900	5
1408.288	0.001	1408288	25
1409.786	0.001	1409786	60
1410.305	0.001	1410305	45
1410.804	0.001	1410804	103
1415.258	0.001	1415258	10
1416.656	0.001	1416656	30
1418.164	0.001	1418164	60
1418.664	0.001	1418664	50
1418.963	0.001	1418963	103
1423.677	0.001	1423677	12
1425.075	0.001	1425075	32
1426.563	0.001	1426563	60
1427.072	0.001	1427072	52
1427.622	0.001	1427622	103
1432.055	0.001	1432055	12
1433.444	0.001	1433444	32
1434.942	0.001	1434942	60
1435.451	0.001	1435451	52
1435.9	0.001	1435900	103
1440.035	0.001	1440035	9
1441.433	0.001	1441433	29
1442.931	0.001	1442931	60
1443.43	0.001	1443430	49
1443.899	0.001	1443899	103
1448.413	0.001	1448413	1
1449.811	0.001	1449811	21
1451.299	0.001	1451299	60
1451.809	0.001	1451809	41
1452.887	0.001	1452887	103
1456.822	0.001	1456822	9
1458.21	0.001	1458210	29
1459.718	0.001	1459718	60
1460.227	0.001	1460227	49
1461.196	0.001	1461196	103
1465.31	0.001	1465310	1
1466.708	0.001	1466708	21
1468.216	0.001	1468216	60
1468.716	0.001	1468716	41
1469.744	0.001	1469744	103
1473.439	0.001	1473439	10
1474.837	0.001	1474837	30
1476.335	0.001	1476335	60
1476.845	0.001	1476845	50
1477.733	0.001	1477733	103
1481.678	0.001	1481678	11
1483.076	0.001	1483076	31
1484.574	0.001	1484574	60
1485.074	0.001	1485074	51
1486.152	0.001	1486152	103
1490.087	0.001	1490087	2
1491.485	0.001	1491485	22
1492.993	0.001	1492993	60
1493.492	0.001	1493492	42
1494.441	0.001	1494441	103
1498.505	0.001	1498505	10
1499.893	0.001	1499893	30
1501.411	0.001	1501411	60
1501.911	0.001	1501911	50
1502.63	0.001	1502630	103
1506.554	0.001	1506554	4
1507.942	0.001	1507942	24
1509.45	0.001	1509450	60
1509.96	0.001	1509960	44
1510.679	0.001	1510679	103
1514.863	0.001	1514863	5
1516.251	0.001	1516251	25
1517.769	0.001	1517769	60
1518.268	0.001	1518268	45
1518.938	0.001	1518938	103
1522.922	0.001	1522922	4
1524.31	0.001	1524310	24
1525.818	0.001	1525818	60
1526.318	0.001	1526318	44
1527.616	0.001	1527616	103
1530.911	0.001	1530911	2
1532.299	0.001	1532299	22
1533.807	0.001	1533807	60
1534.307	0.001	1534307	42
1534.876	0.001	1534876	103
1538.93	0.001	1538930	7
1540.329	0.001	1540329	27
1541.826	0.001	1541826	60
1542.336	0.001	1542336	47
1543.464	0.001	1543464	103
1565.714	0.001	1565714	202
1567.731	0.001	1567731	8
1569.119	0.001	1569119	28
1570.627	0.001	1570627	60
1571.127	0.001	1571127	48
1572.016	0.001	1572016	103
1688.167	0.001	1688167	254
2211.447	0.001	2211447	201
2213.474	0.001	2213474	4
2214.873	0.001	2214873	24
2214.952	0.001	2214952	61
2216.89	0.001	2216890	44
2218.598	0.001	2218598	101
2221.733	0.001	2221733	4
2223.121	0.001	2223121	24
2224.47	0.001	2224470	61
2225.129	0.001	2225129	44
2226.137	0.001	2226137	101
2229.812	0.001	2229812	6
2231.21	0.001	2231210	26
2231.29	0.001	2231290	61
2233.218	0.001	2233218	46
2234.586	0.001	2234586	101
2237.841	0.001	2237841	8
2239.24	0.001	2239240	28
2240.738	0.001	2240738	60
2241.237	0.001	2241237	48
2242.036	0.001	2242036	103
2245.871	0.001	2245871	3
2247.269	0.001	2247269	23
2248.767	0.001	2248767	60
2249.276	0.001	2249276	43
2250.664	0.001	2250664	103
2254.169	0.001	2254169	11
2255.567	0.001	2255567	31
2257.075	0.001	2257075	60
2257.575	0.001	2257575	51
2258.054	0.001	2258054	103
2262.428	0.001	2262428	9
2263.826	0.001	2263826	29
2265.324	0.001	2265324	60
2265.833	0.001	2265833	49
2269.748	0.001	2269748	103
2270.697	0.001	2270697	10
2272.095	0.001	2272095	30
2273.593	0.001	2273593	60
2274.102	0.001	2274102	50
2275.49	0.001	2275490	103
2279.175	0.001	2279175	1
2280.563	0.001	2280563	21
2281.113	0.001	2281113	62
2282.581	0.001	2282581	41
2284.378	0.001	2284378	103
2287.534	0.001	2287534	1
2288.932	0.001	2288932	21
2290.44	0.001	2290440	60
2290.939	0.001	2290939	41
2293.516	0.001	2293516	101
2295.653	0.001	2295653	3
2297.051	0.001	2297051	23
2297.54	0.001	2297540	62
2299.068	0.001	2299068	43
2302.094	0.001	2302094	101
2303.762	0.001	2303762	12
2305.16	0.001	2305160	32
2306.648	0.001	2306648	60
2307.157	0.001	2307157	52
2308.316	0.001	2308316	103
2311.751	0.001	2311751	11
2313.149	0.001	2313149	31
2314.657	0.001	2314657	60
2315.156	0.001	2315156	51
2315.686	0.001	2315686	103
2319.87	0.001	2319870	2
2321.268	0.001	2321268	22
2322.776	0.001	2322776	60
2323.285	0.001	2323285	42
2323.915	0.001	2323915	101
2327.899	0.001	2327899	7
2329.297	0.001	2329297	27
2330.186	0.001	2330186	61
2331.315	0.001	2331315	47
2332.563	0.001	2332563	103
2336.228	0.001	2336228	5
2337.626	0.001	2337626	25
2339.144	0.001	2339144	60
2339.643	0.001	2339643	45
2340.492	0.001	2340492	101
2344.477	0.001	2344477	6
2345.875	0.001	2345875	26
2347.373	0.001	2347373	60
2347.872	0.001	2347872	46
2348.331	0.001	2348331	101
2352.476	0.001	2352476	2
2353.874	0.001	2353874	22
2354.633	0.001	2354633	61
2355.881	0.001	2355881	42
2356.68	0.001	2356680	101
2360.735	0.001	2360735	9
2362.133	0.001	2362133	29
2362.732	0.001	2362732	62
2364.14	0.001	2364140	49
2364.46	0.001	2364460	103
2368.963	0.001	2368963	12
2370.362	0.001	2370362	32
2371.86	0.001	2371860	60
2372.369	0.001	2372369	52
2374.306	0.001	2374306	103
2377.302	0.001	2377302	5
2378.69	0.001	2378690	25
2380.188	0.001	2380188	60
2380.698	0.001	2380698	45
2382.116	0.001	2382116	101
2385.351	0.001	2385351	10
2386.739	0.001	2386739	30
2387.518	0.001	2387518	62
2388.737	0.001	2388737	50
2389.356	0.001	2389356	103
2393.6	0.001	2393600	7
2394.988	0.001	2394988	27
2395.448	0.001	2395448	61
2397.005	0.001	2397005	47
2397.645	0.001	2397645	103
2401.959	0.001	2401959	8
2403.357	0.001	2403357	28
2403.836	0.001	2403836	62
2405.354	0.001	2405354	48
2405.574	0.001	2405574	103
2409.389	0.001	2409389	255
2539.933	0.001	2539933	254
2590.145	0.001	2590145	201
2592.142	0.001	2592142	4
2593.54	0.001	2593540	24
2594.05	0.001	2594050	61
2595.538	0.001	2595538	44
2596.327	0.001	2596327	103
2599.342	0.001	2599342	104
2600.411	0.001	2600411	4
2601.809	0.001	2601809	24
2602.239	0.001	2602239	61
2603.826	0.001	2603826	44
2604.446	0.001	2604446	103
2605.544	0.001	2605544	104
2606.333	0.001	2606333	6
2607.731	0.001	2607731	26
2609.229	0.001	2609229	60
2609.728	0.001	2609728	46
2610.248	0.001	2610248	101
2611.386	0.001	2611386	102
2612.585	0.001	2612585	8
2613.983	0.001	2613983	28
2614.642	0.001	2614642	62
2615.98	0.001	2615980	48
2617.498	0.001	2617498	104
2618.756	0.001	2618756	3
2620.154	0.001	2620154	23
2620.803	0.001	2620803	62
2622.152	0.001	2622152	43
2623.01	0.001	2623010	101
2624.558	0.001	2624558	102
2625.727	0.001	2625727	11
2627.125	0.001	2627125	31
2628.623	0.001	2628623	60
2629.122	0.001	2629122	51
2630.111	0.001	2630111	103
2630.52	0.001	2630520	104
2631.449	0.001	2631449	9
2632.847	0.001	2632847	29
2633.816	0.001	2633816	61
2634.864	0.001	2634864	49
2635.424	0.001	2635424	103
2637.141	0.001	2637141	104
2638.11	0.001	2638110	10
2639.498	0.001	2639498	30
2641.006	0.001	2641006	60
2641.505	0.001	2641505	50
2642.114	0.001	2642114	103
2644.022	0.001	2644022	104
2644.971	0.001	2644971	1
2646.369	0.001	2646369	21
2646.898	0.001	2646898	62
2648.366	0.001	2648366	41
2648.965	0.001	2648965	101
2650.283	0.001	2650283	102
2651.252	0.001	2651252	1
2652.65	0.001	2652650	21
2654.158	0.001	2654158	60
2654.667	0.001	2654667	41
2655.476	0.001	2655476	101
2656.974	0.001	2656974	102
2658.013	0.001	2658013	3
2659.411	0.001	2659411	23
2659.89	0.001	2659890	62
2661.428	0.001	2661428	43
2662.117	0.001	2662117	101
2663.336	0.001	2663336	102
2664.204	0.001	2664204	12
2665.603	0.001	2665603	32
2667.111	0.001	2667111	60
2667.62	0.001	2667620	52
2668.149	0.001	2668149	103
2671.604	0.001	2671604	104
2672.423	0.001	2672423	11
2673.821	0.001	2673821	31
2675.319	0.001	2675319	60
2675.829	0.001	2675829	51
2676.308	0.001	2676308	103
2677.646	0.001	2677646	104
2678.495	0.001	2678495	2
2679.883	0.001	2679883	22
2680.293	0.001	2680293	61
2681.89	0.001	2681890	42
2682.709	0.001	2682709	101
2684.767	0.001	2684767	102
2685.775	0.001	2685775	7
2687.173	0.001	2687173	27
2687.912	0.001	2687912	61
2689.181	0.001	2689181	47
2689.7	0.001	2689700	103
2691.308	0.001	2691308	104
2692.206	0.001	2692206	5
2693.605	0.001	2693605	25
2695.103	0.001	2695103	60
2695.612	0.001	2695612	45
2696.091	0.001	2696091	101
2697.509	0.001	2697509	102
2698.608	0.001	2698608	6
2699.996	0.001	2699996	26
2701.494	0.001	2701494	60
2702.003	0.001	2702003	46
2702.722	0.001	2702722	101
2704.24	0.001	2704240	102
2705.508	0.001	2705508	2
2706.907	0.001	2706907	22
2707.526	0.001	2707526	61
2708.924	0.001	2708924	42
2709.563	0.001	2709563	101
2710.122	0.001	2710122	102
2711.151	0.001	2711151	9
2712.549	0.001	2712549	29
2713.068	0.001	2713068	61
2714.556	0.001	2714556	49
2715.045	0.001	2715045	103
2715.934	0.001	2715934	104
2717.043	0.001	2717043	12
2718.431	0.001	2718431	32
2719.939	0.001	2719939	60
2720.438	0.001	2720438	52
2721.107	0.001	2721107	103
2722.186	0.001	2722186	104
2723.404	0.001	2723404	5
2724.802	0.001	2724802	25
2726.29	0.001	2726290	60
2726.799	0.001	2726799	45
2727.578	0.001	2727578	101
2728.248	0.001	2728248	102
2729.046	0.001	2729046	10
2730.435	0.001	2730435	30
2730.874	0.001	2730874	62
2732.452	0.001	2732452	50
2732.841	0.001	2732841	103
2734.05	0.001	2734050	104
2735.008	0.001	2735008	7
2736.406	0.001	2736406	27
2736.766	0.001	2736766	61
2738.424	0.001	2738424	47
2739.253	0.001	2739253	103
2740.481	0.001	2740481	104
2741.46	0.001	2741460	8
2742.858	0.001	2742858	28
2743.707	0.001	2743707	62
2744.875	0.001	2744875	48
2745.374	0.001	2745374	103
2746.892	0.001	2746892	104
2747.142	0.001	2747142	255
2793.734	0.001	2793734	254
2795.182	0.001	2795182	201
2796.929	0.001	2796929	2
2798.327	0.001	2798327	22
2798.877	0.001	2798877	61
2800.335	0.001	2800335	42
2800.814	0.001	2800814	101
2802.392	0.001	2802392	102
2803.61	0.001	2803610	6
2804.998	0.001	2804998	26
2806.506	0.001	2806506	60
2807.016	0.001	2807016	46
2807.565	0.001	2807565	101
2809.842	0.001	2809842	102
2811.09	0.001	2811090	8
2812.488	0.001	2812488	28
2812.838	0.001	2812838	62
2814.495	0.001	2814495	48
2815.075	0.001	2815075	103
2816.293	0.001	2816293	104
2817.382	0.001	2817382	7
2818.78	0.001	2818780	27
2819.109	0.001	2819109	61
2820.787	0.001	2820787	47
2821.386	0.001	2821386	103
2822.475	0.001	2822475	104
2823.663	0.001	2823663	2
2825.051	0.001	2825051	22
2825.461	0.001	2825461	61
2827.068	0.001	2827068	42
2827.728	0.001	2827728	101
2828.526	0.001	2828526	102
2829.455	0.001	2829455	8
2830.853	0.001	2830853	28
2831.413	0.001	2831413	62
2832.851	0.001	2832851	48
2833.51	0.001	2833510	103
2835.127	0.001	2835127	104
2836.156	0.001	2836156	7
2837.554	0.001	2837554	27
2837.874	0.001	2837874	61
2839.571	0.001	2839571	47
2840.231	0.001	2840231	103
2841.559	0.001	2841559	104
2842.797	0.001	2842797	3
2844.195	0.001	2844195	23
2844.685	0.001	2844685	62
2846.212	0.001	2846212	43
2846.662	0.001	2846662	101
2848.559	0.001	2848559	102
2849.748	0.001	2849748	2
2851.146	0.001	2851146	22
2851.545	0.001	2851545	61
2853.153	0.001	2853153	42
2853.802	0.001	2853802	101
2855.28	0.001	2855280	102
2856.429	0.001	2856429	9
2857.817	0.001	2857817	29
2859.325	0.001	2859325	60
2859.824	0.001	2859824	49
2861.552	0.001	2861552	103
2863.269	0.001	2863269	104
2864.138	0.001	2864138	12
2865.536	0.001	2865536	32
2867.024	0.001	2867024	60
2867.534	0.001	2867534	52
2868.492	0.001	2868492	103
2869.221	0.001	2869221	104
2870.33	0.001	2870330	3
2871.728	0.001	2871728	23
2872.197	0.001	2872197	62
2873.735	0.001	2873735	43
2874.404	0.001	2874404	101
2875.343	0.001	2875343	102
2876.122	0.001	2876122	8
2877.52	0.001	2877520	28
2878.249	0.001	2878249	62
2879.537	0.001	2879537	48
2880.266	0.001	2880266	103
2881.255	0.001	2881255	104
2882.214	0.001	2882214	2
2883.612	0.001	2883612	22
2884.151	0.001	2884151	61
2885.619	0.001	2885619	42
2886.408	0.001	2886408	101
2888.076	0.001	2888076	102
2889.114	0.001	2889114	11
2890.512	0.001	2890512	31
2892.02	0.001	2892020	60
2892.53	0.001	2892530	51
2893.548	0.001	2893548	103
2894.906	0.001	2894906	104
2896.165	0.001	2896165	1
2897.563	0.001	2897563	21
2897.952	0.001	2897952	62
2899.57	0.001	2899570	41
2900.309	0.001	2900309	101
2901.148	0.001	2901148	102
2901.977	0.001	2901977	9
2903.365	0.001	2903365	29
2903.944	0.001	2903944	61
2905.372	0.001	2905372	49
2905.852	0.001	2905852	103
2906.95	0.001	2906950	104
2907.979	0.001	2907979	11
2909.367	0.001	2909367	31
2910.885	0.001	2910885	60
2911.384	0.001	2911384	51
2912.103	0.001	2912103	103
2913.321	0.001	2913321	104
2914.44	0.001	2914440	7
2915.838	0.001	2915838	27
2916.187	0.001	2916187	61
2917.835	0.001	2917835	47
2918.315	0.001	2918315	103
2919.133	0.001	2919133	104
2920.122	0.001	2920122	1
2921.52	0.001	2921520	21
2921.94	0.001	2921940	62
2923.537	0.001	2923537	41
2924.836	0.001	2924836	101
2927.392	0.001	2927392	102
2928.191	0.001	2928191	12
2929.579	0.001	2929579	32
2931.087	0.001	2931087	60
2931.587	0.001	2931587	52
2932.146	0.001	2932146	103
2933.184	0.001	2933184	104
2934.333	0.001	2934333	7
2935.731	0.001	2935731	27
2936.46	0.001	2936460	61
2937.738	0.001	2937738	47
2938.287	0.001	2938287	103
2939.086	0.001	2939086	104
2940.265	0.001	2940265	7
2941.663	0.001	2941663	27
2942.052	0.001	2942052	61
2943.68	0.001	2943680	47
2944.16	0.001	2944160	103
2945.128	0.001	2945128	104
2945.997	0.001	2945997	5
2947.395	0.001	2947395	25
2948.903	0.001	2948903	60
2949.402	0.001	2949402	45
2950.042	0.001	2950042	101
2954.286	0.001	2954286	7
2955.684	0.001	2955684	27
2956.263	0.001	2956263	61
2957.691	0.001	2957691	47
2958.161	0.001	2958161	103
2958.919	0.001	2958919	104
2960.168	0.001	2960168	7
2961.566	0.001	2961566	27
2962.135	0.001	2962135	61
2963.583	0.001	2963583	47
2964.152	0.001	2964152	103
2965.481	0.001	2965481	104
2966.589	0.001	2966589	12
2967.987	0.001	2967987	32
2969.485	0.001	2969485	60
2969.994	0.001	2969994	52
2970.793	0.001	2970793	103
2971.902	0.001	2971902	104
2973.16	0.001	2973160	9
2974.558	0.001	2974558	29
2974.898	0.001	2974898	61
2976.576	0.001	2976576	49
2977.225	0.001	2977225	103
2978.982	0.001	2978982	104
2979.851	0.001	2979851	4
2981.249	0.001	2981249	24
2981.619	0.001	2981619	61
2983.256	0.001	2983256	44
2984.355	0.001	2984355	101
2986.592	0.001	2986592	102
2987.74	0.001	2987740	6
2989.138	0.001	2989138	26
2990.646	0.001	2990646	60
2991.146	0.001	2991146	46
2991.805	0.001	2991805	101
2992.883	0.001	2992883	102
2994.022	0.001	2994022	8
2995.41	0.001	2995410	28
2995.929	0.001	2995929	62
2997.427	0.001	2997427	48
2997.957	0.001	2997957	103
2999.644	0.001	2999644	104
3000.603	0.001	3000603	4
3002.001	0.001	3002001	24
3002.59	0.001	3002590	61
3004.018	0.001	3004018	44
3004.827	0.001	3004827	103
3006.225	0.001	3006225	104
3007.024	0.001	3007024	2
3008.422	0.001	3008422	22
3009.481	0.001	3009481	61
3010.43	0.001	3010430	42
3011.149	0.001	3011149	101
3011.878	0.001	3011878	102
3012.886	0.001	3012886	5
3014.284	0.001	3014284	25
3015.802	0.001	3015802	60
3016.302	0.001	3016302	45
3017.24	0.001	3017240	101
3019.627	0.001	3019627	102
3020.456	0.001	3020456	1
3021.844	0.001	3021844	21
3022.513	0.001	3022513	62
3023.851	0.001	3023851	41
3024.54	0.001	3024540	101
3026.678	0.001	3026678	102
3027.486	0.001	3027486	8
3028.885	0.001	3028885	28
3029.673	0.001	3029673	62
3030.892	0.001	3030892	48
3031.491	0.001	3031491	103
3032.969	0.001	3032969	104
3033.868	0.001	3033868	3
3035.266	0.001	3035266	23
3035.765	0.001	3035765	62
3037.283	0.001	3037283	43
3038.531	0.001	3038531	101
3042.256	0.001	3042256	6
3043.654	0.001	3043654	26
3045.152	0.001	3045152	60
3045.652	0.001	3045652	46
3046.76	0.001	3046760	101
3047.639	0.001	3047639	102
3048.558	0.001	3048558	8
3049.956	0.001	3049956	28
3050.695	0.001	3050695	62
3051.963	0.001	3051963	48
3052.532	0.001	3052532	103
3054.15	0.001	3054150	104
3054.989	0.001	3054989	10
3056.387	0.001	3056387	30
3056.906	0.001	3056906	62
3058.384	0.001	3058384	50
3059.074	0.001	3059074	103
3060.701	0.001	3060701	104
3061.55	0.001	3061550	10
3062.948	0.001	3062948	30
3063.897	0.001	3063897	62
3064.956	0.001	3064956	50
3065.675	0.001	3065675	103
3067.193	0.001	3067193	104
3068.071	0.001	3068071	9
3069.469	0.001	3069469	29
3070.967	0.001	3070967	60
3071.467	0.001	3071467	49
3072.236	0.001	3072236	103
3073.933	0.001	3073933	104
3075.122	0.001	3075122	3
3076.52	0.001	3076520	23
3077.019	0.001	3077019	62
3078.517	0.001	3078517	43
3079.556	0.001	3079556	101
3081.503	0.001	3081503	102
3082.392	0.001	3082392	10
3083.79	0.001	3083790	30
3084.339	0.001	3084339	62
3085.807	0.001	3085807	50
3087.495	0.001	3087495	103
3088.663	0.001	3088663	104
3089.472	0.001	3089472	6
3090.87	0.001	3090870	26
3092.358	0.001	3092358	60
3092.868	0.001	3092868	46
3093.896	0.001	3093896	101
3095.953	0.001	3095953	102
3096.722	0.001	3096722	12
3098.121	0.001	3098121	32
3099.628	0.001	3099628	60
3100.138	0.001	3100138	52
3101.276	0.001	3101276	104
3102.065	0.001	3102065	10
3103.463	0.001	3103463	30
3104.971	0.001	3104971	60
3105.481	0.001	3105481	50
3105.68	0.001	3105680	101
3108.067	0.001	3108067	102
3108.866	0.001	3108866	5
3110.254	0.001	3110254	25
3111.772	0.001	3111772	60
3112.271	0.001	3112271	45
3113.05	0.001	3113050	101
3114.378	0.001	3114378	102
3115.407	0.001	3115407	12
3116.805	0.001	3116805	32
3118.313	0.001	3118313	60
3118.822	0.001	3118822	52
3119.571	0.001	3119571	103
3120.65	0.001	3120650	104
3121.639	0.001	3121639	1
3123.037	0.001	3123037	21
3123.556	0.001	3123556	62
3125.054	0.001	3125054	41
3125.643	0.001	3125643	101
3127.051	0.001	3127051	102
3127.98	0.001	3127980	5
3129.378	0.001	3129378	25
3130.876	0.001	3130876	60
3131.385	0.001	3131385	45
3132.414	0.001	3132414	101
3133.882	0.001	3133882	102
3134.831	0.001	3134831	10
3136.219	0.001	3136219	30
3136.538	0.001	3136538	62
3138.236	0.001	3138236	50
3138.795	0.001	3138795	103
3139.594	0.001	3139594	104
3140.423	0.001	3140423	3
3141.821	0.001	3141821	23
3142.76	0.001	3142760	62
3143.819	0.001	3143819	43
3144.568	0.001	3144568	101
3145.526	0.001	3145526	102
3146.515	0.001	3146515	5
3147.913	0.001	3147913	25
3149.411	0.001	3149411	60
3149.91	0.001	3149910	45
3150.739	0.001	3150739	101
3151.528	0.001	3151528	102
3152.647	0.001	3152647	4
3154.035	0.001	3154035	24
3154.883	0.001	3154883	61
3156.052	0.001	3156052	44
3156.991	0.001	3156991	101
3159.537	0.001	3159537	102
3160.506	0.001	3160506	3
3161.894	0.001	3161894	23
3162.493	0.001	3162493	62
3163.911	0.001	3163911	43
3164.86	0.001	3164860	101
3167.237	0.001	3167237	102
3168.046	0.001	3168046	2
3169.444	0.001	3169444	22
3170.183	0.001	3170183	61
3171.461	0.001	3171461	42
3172.4	0.001	3172400	101
3175.256	0.001	3175256	102
3176.504	0.001	3176504	11
3177.902	0.001	3177902	31
3179.41	0.001	3179410	60
3179.91	0.001	3179910	51
3180.768	0.001	3180768	103
3182.816	0.001	3182816	104
3183.605	0.001	3183605	10
3185.003	0.001	3185003	30
3185.472	0.001	3185472	62
3187.01	0.001	3187010	50
3187.719	0.001	3187719	103
3189.227	0.001	3189227	104
3190.485	0.001	3190485	1
3191.883	0.001	3191883	21
3193.052	0.001	3193052	62
3193.891	0.001	3193891	41
3194.789	0.001	3194789	101
3196.407	0.001	3196407	102
3197.635	0.001	3197635	7
3199.034	0.001	3199034	27
3199.503	0.001	3199503	61
3201.041	0.001	3201041	47
3201.8	0.001	3201800	103
3202.818	0.001	3202818	104
3203.737	0.001	3203737	11
3205.135	0.001	3205135	31
3206.623	0.001	3206623	60
3207.133	0.001	3207133	51
3208.161	0.001	3208161	103
3208.85	0.001	3208850	104
3209.639	0.001	3209639	9
3211.037	0.001	3211037	29
3211.527	0.001	3211527	61
3213.055	0.001	3213055	49
3213.654	0.001	3213654	103
3214.632	0.001	3214632	104
3215.691	0.001	3215691	5
3217.089	0.001	3217089	25
3218.577	0.001	3218577	60
3219.086	0.001	3219086	45
3220.524	0.001	3220524	101
3221.503	0.001	3221503	102
3222.771	0.001	3222771	3
3224.159	0.001	3224159	23
3224.859	0.001	3224859	62
3226.167	0.001	3226167	43
3226.996	0.001	3226996	101
3228.633	0.001	3228633	102
3229.532	0.001	3229532	9
3230.93	0.001	3230930	29
3231.4	0.001	3231400	61
3232.948	0.001	3232948	49
3233.227	0.001	3233227	101
3236.213	0.001	3236213	104
3237.172	0.001	3237172	6
3238.57	0.001	3238570	26
3240.088	0.001	3240088	60
3240.587	0.001	3240587	46
3241.556	0.001	3241556	101
3242.634	0.001	3242634	102
3243.723	0.001	3243723	7
3245.121	0.001	3245121	27
3245.6	0.001	3245600	61
3247.138	0.001	3247138	47
3247.867	0.001	3247867	103
3249.056	0.001	3249056	104
3250.204	0.001	3250204	6
3251.602	0.001	3251602	26
3253.1	0.001	3253100	60
3253.6	0.001	3253600	46
3254.428	0.001	3254428	101
3255.707	0.001	3255707	102
3256.685	0.001	3256685	6
3258.083	0.001	3258083	26
3259.581	0.001	3259581	60
3260.091	0.001	3260091	46
3260.63	0.001	3260630	101
3261.758	0.001	3261758	102
3262.857	0.001	3262857	4
3264.255	0.001	3264255	24
3265.064	0.001	3265064	61
3266.262	0.001	3266262	44
3266.872	0.001	3266872	101
3267.89	0.001	3267890	102
3268.769	0.001	3268769	10
3270.167	0.001	3270167	30
3270.576	0.001	3270576	62
3272.174	0.001	3272174	50
3272.813	0.001	3272813	103
3274.361	0.001	3274361	104
3275.3	0.001	3275300	6
3276.698	0.001	3276698	26
3278.206	0.001	3278206	60
3278.715	0.001	3278715	46
3279.504	0.001	3279504	101
3280.992	0.001	3280992	102
3281.801	0.001	3281801	11
3283.189	0.001	3283189	31
3284.707	0.001	3284707	60
3285.207	0.001	3285207	51
3287.643	0.001	3287643	101
3288.682	0.001	3288682	102
3289.78	0.001	3289780	9
3291.179	0.001	3291179	29
3291.828	0.001	3291828	61
3293.186	0.001	3293186	49
3293.795	0.001	3293795	103
3294.494	0.001	3294494	104
3295.303	0.001	3295303	3
3296.691	0.001	3296691	23
3297.22	0.001	3297220	62
3298.718	0.001	3298718	43
3299.777	0.001	3299777	101
3301.754	0.001	3301754	102
3302.533	0.001	3302533	2
3303.931	0.001	3303931	22
3304.53	0.001	3304530	61
3305.948	0.001	3305948	42
3306.618	0.001	3306618	101
3307.966	0.001	3307966	102
3309.034	0.001	3309034	12
3310.432	0.001	3310432	32
3311.94	0.001	3311940	60
3312.44	0.001	3312440	52
3313.318	0.001	3313318	103
3314.517	0.001	3314517	104
3315.625	0.001	3315625	1
3317.023	0.001	3317023	21
3317.633	0.001	3317633	62
3319.041	0.001	3319041	41
3319.72	0.001	3319720	101
3320.738	0.001	3320738	102
3321.547	0.001	3321547	3
3322.935	0.001	3322935	23
3323.415	0.001	3323415	62
3324.943	0.001	3324943	43
3325.911	0.001	3325911	101
3327.09	0.001	3327090	102
3327.919	0.001	3327919	2
3329.317	0.001	3329317	22
3329.916	0.001	3329916	61
3331.324	0.001	3331324	42
3332.013	0.001	3332013	101
3333.93	0.001	3333930	102
3334.859	0.001	3334859	6
3336.247	0.001	3336247	26
3337.755	0.001	3337755	60
3338.255	0.001	3338255	46
3339.054	0.001	3339054	101
3340.542	0.001	3340542	102
3341.71	0.001	3341710	8
3343.098	0.001	3343098	28
3343.507	0.001	3343507	62
3345.115	0.001	3345115	48
3345.804	0.001	3345804	103
3346.773	0.001	3346773	104
3347.882	0.001	3347882	4
3349.27	0.001	3349270	24
3350.009	0.001	3350009	61
3351.287	0.001	3351287	44
3353.184	0.001	3353184	101
3354.153	0.001	3354153	102
3354.942	0.001	3354942	5
3356.34	0.001	3356340	25
3357.848	0.001	3357848	60
3358.347	0.001	3358347	45
3359.196	0.001	3359196	101
3361.024	0.001	3361024	102
3362.052	0.001	3362052	5
3363.44	0.001	3363440	25
3364.958	0.001	3364958	60
3365.458	0.001	3365458	45
3366.396	0.001	3366396	101
3367.994	0.001	3367994	102
3369.233	0.001	3369233	11
3370.631	0.001	3370631	31
3372.129	0.001	3372129	60
3372.628	0.001	3372628	51
3373.117	0.001	3373117	103
3374.555	0.001	3374555	104
3375.644	0.001	3375644	11
3377.032	0.001	3377032	31
3378.54	0.001	3378540	60
3379.039	0.001	3379039	51
3379.738	0.001	3379738	103
3381.007	0.001	3381007	104
3382.195	0.001	3382195	9
3383.593	0.001	3383593	29
3384.322	0.001	3384322	61
3385.6	0.001	3385600	49
3386.12	0.001	3386120	103
3387.877	0.001	3387877	104
3388.906	0.001	3388906	3
3390.304	0.001	3390304	23
3391.013	0.001	3391013	62
3392.321	0.001	3392321	43
3393.879	0.001	3393879	101
3396.935	0.001	3396935	12
3398.333	0.001	3398333	32
3399.831	0.001	3399831	60
3400.34	0.001	3400340	52
3400.95	0.001	3400950	103
3402.667	0.001	3402667	104
3403.756	0.001	3403756	12
3405.154	0.001	3405154	32
3406.662	0.001	3406662	60
3407.171	0.001	3407171	52
3407.69	0.001	3407690	103
3409.718	0.001	3409718	104
3410.736	0.001	3410736	1
3412.134	0.001	3412134	21
3412.694	0.001	3412694	62
3414.152	0.001	3414152	41
3414.711	0.001	3414711	101
3416.319	0.001	3416319	102
3417.267	0.001	3417267	8
3418.665	0.001	3418665	28
3419.305	0.001	3419305	62
3420.683	0.001	3420683	48
3421.302	0.001	3421302	103
3422.7	0.001	3422700	104
3423.599	0.001	3423599	4
3424.987	0.001	3424987	24
3425.806	0.001	3425806	61
3427.004	0.001	3427004	44
3427.663	0.001	3427663	101
3428.572	0.001	3428572	102
3429.451	0.001	3429451	11
3430.849	0.001	3430849	31
3432.367	0.001	3432367	60
3432.866	0.001	3432866	51
3433.715	0.001	3433715	103
3434.963	0.001	3434963	104
3436.092	0.001	3436092	8
3437.49	0.001	3437490	28
3437.929	0.001	3437929	62
3439.507	0.001	3439507	48
3440.146	0.001	3440146	103
3440.676	0.001	3440676	104
3441.704	0.001	3441704	11
3443.102	0.001	3443102	31
3444.6	0.001	3444600	60
3445.1	0.001	3445100	51
3445.739	0.001	3445739	103
3448.415	0.001	3448415	104
3449.284	0.001	3449284	1
3450.682	0.001	3450682	21
3451.461	0.001	3451461	62
3452.689	0.001	3452689	41
3453.468	0.001	3453468	101
3454.916	0.001	3454916	102
3456.105	0.001	3456105	4
3457.503	0.001	3457503	24
3458.122	0.001	3458122	61
3459.5	0.001	3459500	44
3460.768	0.001	3460768	101
3463.395	0.001	3463395	102
3464.204	0.001	3464204	6
3465.592	0.001	3465592	26
3467.1	0.001	3467100	60
3467.609	0.001	3467609	46
3468.827	0.001	3468827	101
3470.815	0.001	3470815	102
3471.733	0.001	3471733	8
3473.122	0.001	3473122	28
3473.96	0.001	3473960	62
3475.139	0.001	3475139	48
3475.788	0.001	3475788	103
3477.146	0.001	3477146	104
3477.965	0.001	3477965	4
3479.363	0.001	3479363	24
3480.392	0.001	3480392	61
3481.37	0.001	3481370	44
3482.159	0.001	3482159	101
3483.627	0.001	3483627	102
3484.626	0.001	3484626	5
3486.024	0.001	3486024	25
3487.532	0.001	3487532	60
3488.031	0.001	3488031	45
3488.471	0.001	3488471	101
3490.488	0.001	3490488	102
3491.716	0.001	3491716	10
3493.114	0.001	3493114	30
3493.714	0.001	3493714	62
3495.132	0.001	3495132	50
3496.07	0.001	3496070	103
3498.247	0.001	3498247	104
3499.356	0.001	3499356	12
3500.754	0.001	3500754	32
3502.262	0.001	3502262	60
3502.761	0.001	3502761	52
3503.56	0.001	3503560	103
3504.988	0.001	3504988	104
3506.197	0.001	3506197	12
3507.595	0.001	3507595	32
3509.093	0.001	3509093	60
3509.602	0.001	3509602	52
3510.281	0.001	3510281	103
3511.11	0.001	3511110	104
3512.308	0.001	3512308	9
3513.707	0.001	3513707	29
3514.386	0.001	3514386	61
3515.714	0.001	3515714	49
3516.593	0.001	3516593	101
3517.881	0.001	3517881	102
3519.069	0.001	3519069	1
3520.467	0.001	3520467	21
3521.037	0.001	3521037	62
3522.465	0.001	3522465	41
3523.254	0.001	3523254	101
3524.951	0.001	3524951	102
3525.75	0.001	3525750	9
3527.138	0.001	3527138	29
3527.867	0.001	3527867	61
3529.156	0.001	3529156	49
3531.323	0.001	3531323	101
3532.111	0.001	3532111	102
3532.94	0.001	3532940	1
3534.338	0.001	3534338	21
3534.978	0.001	3534978	62
3536.356	0.001	3536356	41
3536.985	0.001	3536985	101
3539.032	0.001	3539032	102
3539.981	0.001	3539981	10
3541.369	0.001	3541369	30
3542.208	0.001	3542208	62
3543.386	0.001	3543386	50
3544.195	0.001	3544195	103
3545.603	0.001	3545603	104
3546.652	0.001	3546652	11
3548.04	0.001	3548040	31
3549.558	0.001	3549558	60
3550.057	0.001	3550057	51
3550.606	0.001	3550606	103
3551.935	0.001	3551935	104
3553.083	0.001	3553083	2
3554.481	0.001	3554481	22
3555.08	0.001	3555080	61
3556.478	0.001	3556478	42
3557.048	0.001	3557048	101
3558.296	0.001	3558296	102
3559.464	0.001	3559464	10
3560.862	0.001	3560862	30
3561.661	0.001	3561661	62
3562.87	0.001	3562870	50
3563.219	0.001	3563219	103
3564.418	0.001	3564418	104
3565.346	0.001	3565346	4
3566.745	0.001	3566745	24
3567.563	0.001	3567563	61
3568.752	0.001	3568752	44
3569.511	0.001	3569511	103
3570.619	0.001	3570619	104
3571.808	0.001	3571808	5
3573.196	0.001	3573196	25
3574.704	0.001	3574704	60
3575.213	0.001	3575213	45
3575.952	0.001	3575952	101
3578.429	0.001	3578429	102
3579.347	0.001	3579347	4
3580.745	0.001	3580745	24
3581.345	0.001	3581345	61
3582.753	0.001	3582753	44
3583.721	0.001	3583721	101
3584.89	0.001	3584890	102
3585.889	0.001	3585889	2
3587.277	0.001	3587277	22
3587.936	0.001	3587936	61
3589.304	0.001	3589304	42
3589.803	0.001	3589803	101
3592.36	0.001	3592360	102
3593.139	0.001	3593139	7
3594.527	0.001	3594527	27
3595.196	0.001	3595196	61
3596.534	0.001	3596534	47
3597.063	0.001	3597063	103
3598.302	0.001	3598302	104
4036.767	0.001	4036767	202
4038.434	0.001	4038434	8
4039.832	0.001	4039832	28
4040.781	0.001	4040781	62
4041.85	0.001	4041850	48
4043.378	0.001	4043378	103
4045.644	0.001	4045644	104
4046.613	0.001	4046613	8
4048.011	0.001	4048011	28
4048.71	0.001	4048710	62
4050.009	0.001	4050009	48
4050.568	0.001	4050568	103
4051.816	0.001	4051816	104
4052.925	0.001	4052925	7
4054.323	0.001	4054323	27
4054.782	0.001	4054782	61
4056.33	0.001	4056330	47
4056.789	0.001	4056789	103
4058.138	0.001	4058138	104
4059.006	0.001	4059006	9
4060.394	0.001	4060394	29
4060.844	0.001	4060844	61
4062.412	0.001	4062412	49
4063.101	0.001	4063101	103
4064.459	0.001	4064459	104
4065.707	0.001	4065707	7
4067.105	0.001	4067105	27
4067.495	0.001	4067495	61
4069.103	0.001	4069103	47
4069.732	0.001	4069732	103
4070.79	0.001	4070790	104
4071.789	0.001	4071789	5
4073.187	0.001	4073187	25
4074.695	0.001	4074695	60
4075.194	0.001	4075194	45
4075.843	0.001	4075843	101
4077.921	0.001	4077921	102
4079.179	0.001	4079179	3
4080.577	0.001	4080577	23
4081.146	0.001	4081146	62
4082.594	0.001	4082594	43
4084.242	0.001	4084242	101
4086.01	0.001	4086010	102
4086.819	0.001	4086819	7
4088.217	0.001	4088217	27
4088.786	0.001	4088786	61
4090.234	0.001	4090234	47
4091.093	0.001	4091093	103
4092.181	0.001	4092181	104
4093.37	0.001	4093370	8
4094.758	0.001	4094758	28
4096.276	0.001	4096276	60
4096.775	0.001	4096775	48
4097.444	0.001	4097444	103
4098.103	0.001	4098103	104
4099.112	0.001	4099112	4
4100.51	0.001	4100510	24
4101.079	0.001	4101079	61
4102.527	0.001	4102527	44
4103.546	0.001	4103546	101
4104.764	0.001	4104764	102
4105.613	0.001	4105613	4
4107.011	0.001	4107011	24
4107.64	0.001	4107640	62
4109.028	0.001	4109028	44
4110.496	0.001	4110496	101
4111.265	0.001	4111265	102
4112.284	0.001	4112284	6
4113.682	0.001	4113682	26
4115.17	0.001	4115170	60
4115.679	0.001	4115679	46
4116.249	0.001	4116249	101
4117.827	0.001	4117827	102
4118.975	0.001	4118975	1
4120.373	0.001	4120373	21
4120.743	0.001	4120743	62
4122.39	0.001	4122390	41
4122.989	0.001	4122989	101
4124.727	0.001	4124727	102
4125.776	0.001	4125776	5
4127.164	0.001	4127164	25
4128.672	0.001	4128672	60
4129.171	0.001	4129171	45
4129.78	0.001	4129780	101
4131.268	0.001	4131268	102
4132.147	0.001	4132147	1
4133.545	0.001	4133545	21
4133.865	0.001	4133865	62
4135.562	0.001	4135562	41
4136.002	0.001	4136002	101
4138.249	0.001	4138249	102
4139.108	0.001	4139108	3
4140.496	0.001	4140496	23
4140.865	0.001	4140865	62
4142.513	0.001	4142513	43
4143.002	0.001	4143002	101
4144.55	0.001	4144550	102
4145.669	0.001	4145669	8
4147.067	0.001	4147067	28
4147.446	0.001	4147446	62
4149.074	0.001	4149074	48
4149.913	0.001	4149913	103
4151.121	0.001	4151121	104
4152.16	0.001	4152160	2
4153.558	0.001	4153558	22
4154.257	0.001	4154257	61
4155.575	0.001	4155575	42
4156.334	0.001	4156334	101
4157.742	0.001	4157742	102
4158.801	0.001	4158801	7
4160.199	0.001	4160199	27
4160.878	0.001	4160878	61
4162.206	0.001	4162206	47
4162.935	0.001	4162935	101
4164.263	0.001	4164263	102
4165.052	0.001	4165052	12
4166.451	0.001	4166451	32
4167.938	0.001	4167938	60
4168.448	0.001	4168448	52
4169.247	0.001	4169247	103
4171.823	0.001	4171823	104
4172.942	0.001	4172942	8
4174.34	0.001	4174340	28
4174.809	0.001	4174809	62
4176.357	0.001	4176357	48
4176.836	0.001	4176836	103
4178.404	0.001	4178404	104
4179.333	0.001	4179333	2
4180.731	0.001	4180731	22
4181.38	0.001	4181380	61
4182.748	0.001	4182748	42
4183.557	0.001	4183557	101
4184.476	0.001	4184476	102
4185.285	0.001	4185285	6
4186.683	0.001	4186683	26
4188.181	0.001	4188181	60
4188.68	0.001	4188680	46
4189.389	0.001	4189389	101
4190.937	0.001	4190937	102
4191.836	0.001	4191836	11
4193.224	0.001	4193224	31
4194.722	0.001	4194722	60
4195.231	0.001	4195231	51
4196.11	0.001	4196110	103
4197.009	0.001	4197009	104
4197.788	0.001	4197788	10
4199.186	0.001	4199186	30
4199.915	0.001	4199915	62
4201.183	0.001	4201183	50
4202.152	0.001	4202152	103
4203.37	0.001	4203370	104
4204.559	0.001	4204559	6
4205.947	0.001	4205947	26
4207.465	0.001	4207465	60
4207.964	0.001	4207964	46
4208.923	0.001	4208923	101
4211.25	0.001	4211250	102
4212.458	0.001	4212458	1
4213.856	0.001	4213856	21
4214.635	0.001	4214635	62
4215.863	0.001	4215863	41
4216.592	0.001	4216592	101
4217.291	0.001	4217291	102
4218.46	0.001	4218460	6
4219.858	0.001	4219858	26
4221.366	0.001	4221366	60
4221.865	0.001	4221865	46
4222.654	0.001	4222654	101
4223.733	0.001	4223733	102
4224.941	0.001	4224941	1
4226.339	0.001	4226339	21
4226.789	0.001	4226789	62
4228.356	0.001	4228356	41
4229.115	0.001	4229115	101
4231.492	0.001	4231492	102
4232.751	0.001	4232751	8
4234.149	0.001	4234149	28
4234.818	0.001	4234818	62
4236.166	0.001	4236166	48
4237.244	0.001	4237244	101
4238.493	0.001	4238493	102
4239.392	0.001	4239392	4
4240.79	0.001	4240790	24
4241.479	0.001	4241479	61
4242.797	0.001	4242797	44
4243.606	0.001	4243606	101
4244.914	0.001	4244914	102
4246.062	0.001	4246062	6
4247.451	0.001	4247451	26
4248.959	0.001	4248959	60
4249.458	0.001	4249458	46
4250.556	0.001	4250556	101
4252.164	0.001	4252164	102
4253.303	0.001	4253303	4
4254.701	0.001	4254701	24
4255.4	0.001	4255400	61
4256.698	0.001	4256698	44
4257.457	0.001	4257457	101
4259.774	0.001	4259774	102
4260.583	0.001	4260583	7
4261.981	0.001	4261981	27
4262.67	0.001	4262670	61
4263.978	0.001	4263978	47
4264.637	0.001	4264637	101
4265.756	0.001	4265756	102
4266.724	0.001	4266724	12
4268.123	0.001	4268123	32
4269.611	0.001	4269611	60
4270.12	0.001	4270120	52
4271.148	0.001	4271148	103
4273.026	0.001	4273026	104
4274.064	0.001	4274064	12
4275.463	0.001	4275463	32
4276.97	0.001	4276970	60
4277.48	0.001	4277480	52
4278.179	0.001	4278179	103
4279.727	0.001	4279727	104
4280.755	0.001	4280755	10
4282.153	0.001	4282153	30
4282.783	0.001	4282783	62
4284.161	0.001	4284161	50
4285.099	0.001	4285099	103
4286.268	0.001	4286268	104
4287.147	0.001	4287147	5
4288.545	0.001	4288545	25
4290.053	0.001	4290053	60
4290.552	0.001	4290552	45
4291.431	0.001	4291431	101
4292.09	0.001	4292090	102
4293.298	0.001	4293298	4
4294.696	0.001	4294696	24
4295.655	0.001	4295655	61
4296.714	0.001	4296714	44
4298.012	0.001	4298012	101
4299.26	0.001	4299260	102
4300.429	0.001	4300429	12
4301.817	0.001	4301817	32
4303.325	0.001	4303325	60
4303.834	0.001	4303834	52
4304.723	0.001	4304723	103
4306.51	0.001	4306510	104
4307.319	0.001	4307319	2
4308.717	0.001	4308717	22
4310.735	0.001	4310735	42
4311.424	0.001	4311424	101
4313.391	0.001	4313391	102
4314.29	0.001	4314290	6
4315.688	0.001	4315688	26
4317.196	0.001	4317196	60
4317.705	0.001	4317705	46
4318.744	0.001	4318744	101
4321.49	0.001	4321490	102
4322.728	0.001	4322728	12
4324.117	0.001	4324117	32
4325.634	0.001	4325634	60
4326.134	0.001	4326134	52
4326.853	0.001	4326853	103
4327.682	0.001	4327682	104
4328.54	0.001	4328540	3
4329.929	0.001	4329929	23
4330.448	0.001	4330448	62
4331.936	0.001	4331936	43
4333.284	0.001	4333284	103
4333.903	0.001	4333903	104
4334.742	0.001	4334742	6
4336.14	0.001	4336140	26
4337.648	0.001	4337648	60
4338.147	0.001	4338147	46
4338.886	0.001	4338886	101
4339.416	0.001	4339416	102
4340.394	0.001	4340394	11
4341.793	0.001	4341793	31
4343.3	0.001	4343300	60
4343.81	0.001	4343810	51
4344.768	0.001	4344768	103
4346.386	0.001	4346386	104
4347.395	0.001	4347395	11
4348.793	0.001	4348793	31
4350.291	0.001	4350291	60
4350.79	0.001	4350790	51
4351.689	0.001	4351689	103
4352.977	0.001	4352977	104
4354.226	0.001	4354226	3
4355.624	0.001	4355624	23
4356.243	0.001	4356243	62
4357.641	0.001	4357641	43
4358.43	0.001	4358430	101
4360.247	0.001	4360247	102
4361.256	0.001	4361256	2
4362.654	0.001	4362654	22
4364.162	0.001	4364162	60
4364.671	0.001	4364671	42
4366.479	0.001	4366479	102
4367.368	0.001	4367368	10
4368.756	0.001	4368756	30
4369.335	0.001	4369335	62
4370.773	0.001	4370773	50
4371.772	0.001	4371772	103
4373.729	0.001	4373729	104
4374.977	0.001	4374977	9
4376.366	0.001	4376366	29
4377.145	0.001	4377145	61
4378.383	0.001	4378383	49
4379.152	0.001	4379152	103
4380.66	0.001	4380660	104
4381.658	0.001	4381658	1
4383.057	0.001	4383057	21
4383.965	0.001	4383965	62
4385.074	0.001	4385074	41
4385.663	0.001	4385663	101
4387.261	0.001	4387261	102
4388.379	0.001	4388379	2
4389.777	0.001	4389777	22
4390.646	0.001	4390646	61
4391.775	0.001	4391775	42
4392.793	0.001	4392793	101
4393.942	0.001	4393942	102
4395.19	0.001	4395190	10
4396.588	0.001	4396588	30
4396.978	0.001	4396978	62
4398.585	0.001	4398585	50
4399.155	0.001	4399155	103
4400.113	0.001	4400113	104
4401.242	0.001	4401242	11
4402.63	0.001	4402630	31
4404.128	0.001	4404128	60
4404.637	0.001	4404637	51
4405.656	0.001	4405656	103
4406.405	0.001	4406405	104
4407.523	0.001	4407523	8
4408.921	0.001	4408921	28
4409.441	0.001	4409441	62
4410.919	0.001	4410919	48
4411.488	0.001	4411488	103
4412.277	0.001	4412277	104
4413.405	0.001	4413405	2
4414.793	0.001	4414793	22
4415.453	0.001	4415453	61
4416.811	0.001	4416811	42
4417.58	0.001	4417580	101
4419.317	0.001	4419317	102
4420.196	0.001	4420196	5
4421.594	0.001	4421594	25
4423.082	0.001	4423082	60
4423.591	0.001	4423591	45
4424.59	0.001	4424590	101
4426.767	0.001	4426767	102
4427.976	0.001	4427976	5
4429.374	0.001	4429374	25
4430.872	0.001	4430872	60
4431.381	0.001	4431381	45
4432.3	0.001	4432300	101
4433.738	0.001	4433738	102
4434.547	0.001	4434547	6
4435.945	0.001	4435945	26
4437.453	0.001	4437453	60
4437.962	0.001	4437962	46
4439.13	0.001	4439130	101
4439.74	0.001	4439740	102
4440.998	0.001	4440998	5
4442.396	0.001	4442396	25
4443.894	0.001	4443894	60
4444.393	0.001	4444393	45
4445.362	0.001	4445362	101
4446.84	0.001	4446840	102
4447.948	0.001	4447948	4
4449.347	0.001	4449347	24
4449.916	0.001	4449916	61
4451.354	0.001	4451354	44
4452.163	0.001	4452163	101
4454.08	0.001	4454080	102
4454.919	0.001	4454919	5
4456.317	0.001	4456317	25
4457.825	0.001	4457825	60
4458.324	0.001	4458324	45
4459.073	0.001	4459073	101
4460.841	0.001	4460841	102
4461.949	0.001	4461949	1
4463.348	0.001	4463348	21
4463.957	0.001	4463957	62
4465.355	0.001	4465355	41
4466.214	0.001	4466214	101
4467.043	0.001	4467043	102
4467.851	0.001	4467851	9
4469.25	0.001	4469250	29
4469.919	0.001	4469919	61
4471.257	0.001	4471257	49
4471.986	0.001	4471986	103
4473.374	0.001	4473374	104
4474.492	0.001	4474492	4
4475.89	0.001	4475890	24
4476.769	0.001	4476769	61
4477.898	0.001	4477898	44
4478.637	0.001	4478637	101
4481.233	0.001	4481233	102
4482.472	0.001	4482472	9
4483.87	0.001	4483870	29
4484.798	0.001	4484798	61
4485.887	0.001	4485887	49
4486.766	0.001	4486766	103
4488.344	0.001	4488344	104
4489.352	0.001	4489352	10
4490.74	0.001	4490740	30
4491.849	0.001	4491849	62
4492.738	0.001	4492738	50
4493.517	0.001	4493517	103
4495.044	0.001	4495044	104
4496.173	0.001	4496173	9
4497.571	0.001	4497571	29
4498.27	0.001	4498270	61
4499.578	0.001	4499578	49
4500.327	0.001	4500327	103
4501.106	0.001	4501106	104
4502.335	0.001	4502335	10
4503.733	0.001	4503733	30
4504.202	0.001	4504202	62
4505.75	0.001	4505750	50
4506.539	0.001	4506539	103
4507.747	0.001	4507747	104
4508.536	0.001	4508536	1
4509.934	0.001	4509934	21
4510.384	0.001	4510384	62
4511.952	0.001	4511952	41
4512.701	0.001	4512701	101
4514.119	0.001	4514119	102
4515.057	0.001	4515057	1
4516.455	0.001	4516455	21
4517.274	0.001	4517274	62
4518.463	0.001	4518463	41
4519.371	0.001	4519371	101
4520.899	0.001	4520899	102
4521.708	0.001	4521708	12
4523.096	0.001	4523096	32
4524.614	0.001	4524614	60
4525.114	0.001	4525114	52
4525.673	0.001	4525673	103
4526.662	0.001	4526662	104
4527.52	0.001	4527520	2
4528.909	0.001	4528909	22
4529.887	0.001	4529887	62
4530.926	0.001	4530926	42
4532.334	0.001	4532334	103
4533.442	0.001	4533442	104
4534.531	0.001	4534531	12
4535.929	0.001	4535929	32
4537.437	0.001	4537437	60
4537.936	0.001	4537936	52
4538.695	0.001	4538695	103
4539.584	0.001	4539584	104
4540.363	0.001	4540363	3
4541.751	0.001	4541751	23
4542.131	0.001	4542131	62
4543.768	0.001	4543768	43
4544.667	0.001	4544667	101
4547.164	0.001	4547164	102
4548.013	0.001	4548013	9
4549.411	0.001	4549411	29
4550.06	0.001	4550060	61
4551.428	0.001	4551428	49
4552.037	0.001	4552037	103
4552.876	0.001	4552876	104
4553.715	0.001	4553715	5
4555.113	0.001	4555113	25
4556.621	0.001	4556621	60
4557.12	0.001	4557120	45
4557.749	0.001	4557749	101
4559.437	0.001	4559437	102
4560.396	0.001	4560396	10
4561.794	0.001	4561794	30
4562.603	0.001	4562603	62
4563.791	0.001	4563791	50
4565.309	0.001	4565309	103
4568.615	0.001	4568615	9
4570.013	0.001	4570013	29
4570.762	0.001	4570762	61
4572.03	0.001	4572030	49
4572.509	0.001	4572509	103
4573.338	0.001	4573338	104
4574.177	0.001	4574177	5
4575.575	0.001	4575575	25
4577.063	0.001	4577063	60
4577.572	0.001	4577572	45
4578.601	0.001	4578601	101
4579.76	0.001	4579760	102
4580.618	0.001	4580618	2
4582.016	0.001	4582016	22
4582.686	0.001	4582686	61
4584.024	0.001	4584024	42
4584.713	0.001	4584713	101
4586.161	0.001	4586161	102
4586.96	0.001	4586960	11
4588.348	0.001	4588348	31
4589.856	0.001	4589856	60
4590.365	0.001	4590365	51
4590.884	0.001	4590884	103
4591.983	0.001	4591983	104
4592.912	0.001	4592912	4
4594.31	0.001	4594310	24
4595.009	0.001	4595009	61
4596.317	0.001	4596317	44
4596.886	0.001	4596886	101
4598.254	0.001	4598254	102
4599.183	0.001	4599183	7
4600.581	0.001	4600581	27
4601.62	0.001	4601620	61
4602.589	0.001	4602589	47
4603.367	0.001	4603367	103
4603.867	0.001	4603867	104
4604.676	0.001	4604676	4
4606.064	0.001	4606064	24
4606.753	0.001	4606753	61
4608.081	0.001	4608081	44
4608.61	0.001	4608610	101
4609.859	0.001	4609859	102
4611.027	0.001	4611027	6
4612.425	0.001	4612425	26
4613.923	0.001	4613923	60
4614.432	0.001	4614432	46
4615.171	0.001	4615171	101
4617.159	0.001	4617159	102
4618.317	0.001	4618317	2
4619.705	0.001	4619705	22
4620.255	0.001	4620255	61
4621.723	0.001	4621723	42
4622.442	0.001	4622442	101
4624.159	0.001	4624159	102
4625.028	0.001	4625028	11
4626.426	0.001	4626426	31
4627.924	0.001	4627924	60
4628.423	0.001	4628423	51
4629.272	0.001	4629272	101
4630.161	0.001	4630161	102
4631.14	0.001	4631140	9
4632.538	0.001	4632538	29
4633.307	0.001	4633307	61
4634.555	0.001	4634555	49
4635.284	0.001	4635284	103
4637.052	0.001	4637052	104
4638.05	0.001	4638050	11
4639.439	0.001	4639439	31
4640.946	0.001	4640946	60
4641.446	0.001	4641446	51
4642.045	0.001	4642045	103
4642.904	0.001	4642904	104
4643.932	0.001	4643932	11
4645.321	0.001	4645321	31
4646.838	0.001	4646838	60
4647.338	0.001	4647338	51
4648.336	0.001	4648336	103
4648.886	0.001	4648886	104
4650.004	0.001	4650004	7
4651.402	0.001	4651402	27
4651.922	0.001	4651922	61
4653.4	0.001	4653400	47
4654.009	0.001	4654009	103
4654.588	0.001	4654588	104
4655.806	0.001	4655806	12
4657.194	0.001	4657194	32
4658.702	0.001	4658702	60
4659.202	0.001	4659202	52
4659.821	0.001	4659821	103
4660.76	0.001	4660760	104
4661.918	0.001	4661918	10
4663.316	0.001	4663316	30
4664.075	0.001	4664075	62
4665.333	0.001	4665333	50
4665.953	0.001	4665953	103
4667.051	0.001	4667051	104
4668.08	0.001	4668080	3
4669.478	0.001	4669478	23
4669.977	0.001	4669977	62
4671.475	0.001	4671475	43
4672.304	0.001	4672304	101
4673.582	0.001	4673582	102
4674.761	0.001	4674761	3
4676.159	0.001	4676159	23
4677.677	0.001	4677677	60
4678.176	0.001	4678176	43
4678.895	0.001	4678895	101
4680.033	0.001	4680033	102
4681.042	0.001	4681042	5
4682.44	0.001	4682440	25
4683.938	0.001	4683938	60
4684.447	0.001	4684447	45
4685.226	0.001	4685226	101
4686.884	0.001	4686884	102
4688.063	0.001	4688063	3
4689.461	0.001	4689461	23
4690.03	0.001	4690030	62
4691.468	0.001	4691468	43
4692.087	0.001	4692087	101
4693.595	0.001	4693595	102
4694.843	0.001	4694843	10
4696.241	0.001	4696241	30
4696.91	0.001	4696910	62
4698.259	0.001	4698259	50
4698.868	0.001	4698868	103
4699.427	0.001	4699427	104
4700.715	0.001	4700715	1
4702.113	0.001	4702113	21
4702.613	0.001	4702613	62
4704.121	0.001	4704121	41
4704.51	0.001	4704510	101
4705.868	0.001	4705868	102
4706.897	0.001	4706897	10
4708.295	0.001	4708295	30
4708.924	0.001	4708924	62
4710.302	0.001	4710302	50
4710.961	0.001	4710961	103
4712.589	0.001	4712589	104
4713.568	0.001	4713568	8
4714.956	0.001	4714956	28
4715.615	0.001	4715615	62
4716.973	0.001	4716973	48
4717.533	0.001	4717533	103
4719.45	0.001	4719450	104
4720.469	0.001	4720469	3
4721.867	0.001	4721867	23
4722.306	0.001	4722306	62
4723.884	0.001	4723884	43
4724.463	0.001	4724463	101
4725.332	0.001	4725332	102
4726.56	0.001	4726560	8
4727.958	0.001	4727958	28
4728.548	0.001	4728548	62
4729.976	0.001	4729976	48
4730.645	0.001	4730645	103
4731.364	0.001	4731364	104
4732.312	0.001	4732312	9
4733.711	0.001	4733711	29
4734.589	0.001	4734589	61
4735.708	0.001	4735708	49
4736.337	0.001	4736337	103
4736.756	0.001	4736756	104
4737.765	0.001	4737765	6
4739.163	0.001	4739163	26
4740.671	0.001	4740671	60
4741.18	0.001	4741180	46
4742.289	0.001	4742289	101
4743.707	0.001	4743707	102
4744.955	0.001	4744955	7
4746.353	0.001	4746353	27
4747.422	0.001	4747422	61
4748.351	0.001	4748351	47
4748.99	0.001	4748990	103
4749.968	0.001	4749968	104
4750.807	0.001	4750807	8
4752.205	0.001	4752205	28
4752.695	0.001	4752695	62
4754.223	0.001	4754223	48
4755.141	0.001	4755141	103
4755.771	0.001	4755771	104
4756.56	0.001	4756560	11
4757.958	0.001	4757958	31
4759.456	0.001	4759456	60
4759.955	0.001	4759955	51
4761.004	0.001	4761004	103
4761.583	0.001	4761583	104
4762.751	0.001	4762751	3
4764.149	0.001	4764149	23
4764.718	0.001	4764718	62
4766.157	0.001	4766157	43
4766.786	0.001	4766786	101
4768.164	0.001	4768164	102
4769.292	0.001	4769292	9
4770.69	0.001	4770690	29
4771.519	0.001	4771519	61
4772.708	0.001	4772708	49
4773.786	0.001	4773786	103
4774.935	0.001	4774935	104
4775.714	0.001	4775714	12
4777.112	0.001	4777112	32
4778.62	0.001	4778620	60
4779.129	0.001	4779129	52
4779.738	0.001	4779738	103
4780.327	0.001	4780327	104
4781.276	0.001	4781276	4
4782.674	0.001	4782674	24
4783.643	0.001	4783643	61
4784.691	0.001	4784691	44
4785.42	0.001	4785420	101
4786.449	0.001	4786449	102
4787.528	0.001	4787528	1
4788.926	0.001	4788926	21
4789.305	0.001	4789305	62
4790.923	0.001	4790923	41
4791.612	0.001	4791612	101
4792.511	0.001	4792511	102
4793.649	0.001	4793649	7
4795.047	0.001	4795047	27
4795.796	0.001	4795796	61
4797.045	0.001	4797045	47
4797.704	0.001	4797704	103
4798.622	0.001	4798622	104
4799.571	0.001	4799571	11
4800.969	0.001	4800969	31
4802.467	0.001	4802467	60
4802.977	0.001	4802977	51
4804.115	0.001	4804115	103
4804.664	0.001	4804664	104
4805.453	0.001	4805453	2
4806.851	0.001	4806851	22
4807.47	0.001	4807470	61
4808.859	0.001	4808859	42
4811.125	0.001	4811125	101
4812.204	0.001	4812204	102
4813.392	0.001	4813392	12
4814.781	0.001	4814781	32
4816.298	0.001	4816298	60
4816.798	0.001	4816798	52
4817.687	0.001	4817687	103
4818.146	0.001	4818146	104
4819.404	0.001	4819404	7
4820.802	0.001	4820802	27
4821.172	0.001	4821172	61
4822.82	0.001	4822820	47
4823.489	0.001	4823489	103
4824.008	0.001	4824008	104
5130.033	0.001	5130033	203
5132.09	0.001	5132090	1
5133.488	0.001	5133488	21
5134.017	0.001	5134017	62
5135.495	0.001	5135495	41
5136.154	0.001	5136154	101
5137.453	0.001	5137453	102
5138.571	0.001	5138571	7
5139.969	0.001	5139969	27
5140.498	0.001	5140498	61
5141.966	0.001	5141966	47
5142.576	0.001	5142576	103
5143.954	0.001	5143954	104
5145.182	0.001	5145182	2
5146.58	0.001	5146580	22
5147.149	0.001	5147149	61
5148.577	0.001	5148577	42
5149.356	0.001	5149356	101
5151.234	0.001	5151234	102
5152.242	0.001	5152242	12
5153.641	0.001	5153641	32
5155.149	0.001	5155149	60
5155.648	0.001	5155648	52
5156.087	0.001	5156087	103
5157.595	0.001	5157595	104
5158.814	0.001	5158814	7
5160.212	0.001	5160212	27
5160.961	0.001	5160961	61
5162.219	0.001	5162219	47
5162.788	0.001	5162788	103
5164.186	0.001	5164186	104
5165.225	0.001	5165225	7
5166.623	0.001	5166623	27
5167.562	0.001	5167562	61
5168.63	0.001	5168630	47
5169.16	0.001	5169160	103
5170.358	0.001	5170358	104
5171.516	0.001	5171516	3
5172.904	0.001	5172904	23
5173.414	0.001	5173414	62
5174.902	0.001	5174902	43
5175.741	0.001	5175741	101
5176.949	0.001	5176949	102
5178.217	0.001	5178217	3
5179.615	0.001	5179615	23
5180.065	0.001	5180065	62
5181.623	0.001	5181623	43
5182.382	0.001	5182382	101
5183.19	0.001	5183190	102
5184.249	0.001	5184249	11
5185.637	0.001	5185637	31
5187.155	0.001	5187155	60
5187.654	0.001	5187654	51
5188.194	0.001	5188194	103
5188.973	0.001	5188973	104
5190.241	0.001	5190241	9
5191.639	0.001	5191639	29
5192.238	0.001	5192238	61
5193.656	0.001	5193656	49
5194.295	0.001	5194295	103
5195.284	0.001	5195284	104
5196.153	0.001	5196153	6
5197.541	0.001	5197541	26
5199.059	0.001	5199059	60
5199.558	0.001	5199558	46
5200.487	0.001	5200487	101
5201.266	0.001	5201266	102
5202.165	0.001	5202165	8
5203.563	0.001	5203563	28
5204.362	0.001	5204362	62
5205.56	0.001	5205560	48
5205.92	0.001	5205920	103
5206.988	0.001	5206988	104
5207.967	0.001	5207967	6
5209.355	0.001	5209355	26
5210.853	0.001	5210853	60
5211.362	0.001	5211362	46
5212.321	0.001	5212321	101
5212.82	0.001	5212820	102
5213.659	0.001	5213659	2
5215.057	0.001	5215057	22
5215.866	0.001	5215866	61
5217.064	0.001	5217064	42
5217.704	0.001	5217704	101
5219.142	0.001	5219142	102
5220.4	0.001	5220400	6
5221.798	0.001	5221798	26
5223.286	0.001	5223286	60
5223.795	0.001	5223795	46
5224.405	0.001	5224405	101
5226.671	0.001	5226671	102
5227.81	0.001	5227810	5
5229.208	0.001	5229208	25
5230.716	0.001	5230716	60
5231.225	0.001	5231225	45
5231.934	0.001	5231934	101
5232.983	0.001	5232983	102
5234.181	0.001	5234181	8
5235.579	0.001	5235579	28
5236.358	0.001	5236358	62
5237.597	0.001	5237597	48
5238.705	0.001	5238705	103
5240.453	0.001	5240453	104
5241.342	0.001	5241342	4
5242.74	0.001	5242740	24
5244.238	0.001	5244238	60
5244.737	0.001	5244737	44
5245.336	0.001	5245336	101
5246.285	0.001	5246285	102
5247.174	0.001	5247174	10
5248.572	0.001	5248572	30
5249.171	0.001	5249171	62
5250.579	0.001	5250579	50
5251.827	0.001	5251827	103
5253.235	0.001	5253235	104
5254.304	0.001	5254304	11
5255.702	0.001	5255702	31
5257.2	0.001	5257200	60
5257.699	0.001	5257699	51
5258.448	0.001	5258448	103
5259.437	0.001	5259437	104
5260.476	0.001	5260476	8
5261.874	0.001	5261874	28
5262.423	0.001	5262423	62
5263.891	0.001	5263891	48
5264.75	0.001	5264750	103
5265.359	0.001	5265359	104
5266.597	0.001	5266597	9
5267.995	0.001	5267995	29
5268.674	0.001	5268674	61
5270.003	0.001	5270003	49
5271.441	0.001	5271441	103
5273.877	0.001	5273877	104
5275.006	0.001	5275006	2
5276.404	0.001	5276404	22
5277.143	0.001	5277143	61
5278.401	0.001	5278401	42
5280.888	0.001	5280888	103
5282.416	0.001	5282416	104
5283.664	0.001	5283664	8
5285.062	0.001	5285062	28
5285.631	0.001	5285631	62
5287.079	0.001	5287079	48
5288.108	0.001	5288108	103
5290.385	0.001	5290385	104
5291.493	0.001	5291493	12
5292.892	0.001	5292892	32
5294.39	0.001	5294390	60
5294.889	0.001	5294889	52
5295.638	0.001	5295638	103
5297.066	0.001	5297066	104
5298.294	0.001	5298294	6
5299.692	0.001	5299692	26
5301.18	0.001	5301180	60
5301.69	0.001	5301690	46
5302.858	0.001	5302858	101
5304.326	0.001	5304326	102
5305.225	0.001	5305225	12
5306.623	0.001	5306623	32
5308.121	0.001	5308121	60
5308.63	0.001	5308630	52
5309.619	0.001	5309619	103
5311.426	0.001	5311426	104
5312.235	0.001	5312235	8
5313.633	0.001	5313633	28
5314.322	0.001	5314322	62
5315.641	0.001	5315641	48
5316.3	0.001	5316300	103
5318.157	0.001	5318157	104
5319.406	0.001	5319406	1
5320.804	0.001	5320804	21
5321.423	0.001	5321423	62
5322.821	0.001	5322821	41
5323.55	0.001	5323550	101
5325.707	0.001	5325707	102
5326.576	0.001	5326576	4
5327.974	0.001	5327974	24
5328.643	0.001	5328643	61
5329.971	0.001	5329971	44
5330.74	0.001	5330740	101
5332.348	0.001	5332348	102
5333.247	0.001	5333247	9
5334.645	0.001	5334645	29
5335.454	0.001	5335454	61
5336.642	0.001	5336642	49
5337.221	0.001	5337221	103
5338.01	0.001	5338010	104
5339.189	0.001	5339189	1
5340.587	0.001	5340587	21
5341.266	0.001	5341266	62
5342.594	0.001	5342594	41
5343.353	0.001	5343353	101
5344.032	0.001	5344032	102
5345.161	0.001	5345161	7
5346.559	0.001	5346559	27
5347.308	0.001	5347308	61
5348.566	0.001	5348566	47
5349.015	0.001	5349015	103
5350.453	0.001	5350453	104
5351.282	0.001	5351282	10
5352.67	0.001	5352670	30
5353.429	0.001	5353429	62
5354.688	0.001	5354688	50
5355.417	0.001	5355417	103
5356.296	0.001	5356296	104
5357.434	0.001	5357434	12
5358.832	0.001	5358832	32
5360.32	0.001	5360320	60
5360.829	0.001	5360829	52
5361.548	0.001	5361548	103
5363.236	0.001	5363236	104
5364.105	0.001	5364105	10
5365.493	0.001	5365493	30
5365.892	0.001	5365892	62
5367.52	0.001	5367520	50
5368.189	0.001	5368189	103
5368.888	0.001	5368888	104
5370.067	0.001	5370067	8
5371.465	0.001	5371465	28
5372.124	0.001	5372124	62
5373.472	0.001	5373472	48
5374.451	0.001	5374451	101
5376.029	0.001	5376029	102
5377.027	0.001	5377027	10
5378.415	0.001	5378415	30
5379.115	0.001	5379115	62
5380.423	0.001	5380423	50
5381.082	0.001	5381082	103
5381.671	0.001	5381671	104
5382.81	0.001	5382810	4
5384.208	0.001	5384208	24
5385.176	0.001	5385176	61
5386.205	0.001	5386205	44
5387.403	0.001	5387403	101
5388.941	0.001	5388941	102
5389.81	0.001	5389810	3
5391.208	0.001	5391208	23
5391.817	0.001	5391817	62
5393.215	0.001	5393215	43
5394.174	0.001	5394174	101
5395.183	0.001	5395183	102
5396.012	0.001	5396012	11
5397.41	0.001	5397410	31
5398.898	0.001	5398898	60
5399.407	0.001	5399407	51
5400.246	0.001	5400246	103
5401.684	0.001	5401684	104
5402.902	0.001	5402902	3
5404.3	0.001	5404300	23
5404.89	0.001	5404890	62
5406.308	0.001	5406308	43
5406.967	0.001	5406967	101
5408.145	0.001	5408145	102
5409.134	0.001	5409134	9
5410.532	0.001	5410532	29
5411.331	0.001	5411331	61
5412.529	0.001	5412529	49
5414.766	0.001	5414766	104
5415.775	0.001	5415775	1
5417.173	0.001	5417173	21
5417.792	0.001	5417792	62
5419.18	0.001	5419180	41
5419.999	0.001	5419999	101
5421.088	0.001	5421088	102
5421.986	0.001	5421986	4
5423.384	0.001	5423384	24
5423.974	0.001	5423974	61
5425.402	0.001	5425402	44
5426.261	0.001	5426261	101
5427.828	0.001	5427828	102
5428.977	0.001	5428977	5
5430.375	0.001	5430375	25
5431.873	0.001	5431873	60
5432.372	0.001	5432372	45
5433.8	0.001	5433800	101
5435.468	0.001	5435468	102
5436.497	0.001	5436497	11
5437.895	0.001	5437895	31
5439.393	0.001	5439393	60
5439.892	0.001	5439892	51
5441.38	0.001	5441380	103
5441.989	0.001	5441989	104
5442.848	0.001	5442848	9
5444.246	0.001	5444246	29
5444.865	0.001	5444865	61
5446.253	0.001	5446253	49
5446.833	0.001	5446833	103
5447.711	0.001	5447711	104
5448.56	0.001	5448560	10
5449.958	0.001	5449958	30
5450.548	0.001	5450548	62
5451.966	0.001	5451966	50
5454.003	0.001	5454003	103
5454.732	0.001	5454732	104
5455.521	0.001	5455521	12
5456.919	0.001	5456919	32
5458.427	0.001	5458427	60
5458.926	0.001	5458926	52
5461.153	0.001	5461153	101
5462.921	0.001	5462921	102
5463.83	0.001	5463830	12
5465.228	0.001	5465228	32
5466.716	0.001	5466716	60
5467.225	0.001	5467225	52
5467.784	0.001	5467784	103
5469.222	0.001	5469222	104
5470.281	0.001	5470281	5
5471.679	0.001	5471679	25
5473.177	0.001	5473177	60
5473.686	0.001	5473686	45
5474.655	0.001	5474655	101
5474.994	0.001	5474994	102
5476.073	0.001	5476073	6
5477.461	0.001	5477461	26
5478.959	0.001	5478959	60
5479.468	0.001	5479468	46
5480.207	0.001	5480207	101
5481.426	0.001	5481426	102
5482.205	0.001	5482205	12
5483.593	0.001	5483593	32
5485.111	0.001	5485111	60
5485.61	0.001	5485610	52
5486.069	0.001	5486069	103
5487.398	0.001	5487398	104
5488.236	0.001	5488236	7
5489.625	0.001	5489625	27
5491.123	0.001	5491123	60
5491.632	0.001	5491632	47
5492.571	0.001	5492571	103
5493.869	0.001	5493869	104
5495.147	0.001	5495147	12
5496.535	0.001	5496535	32
5498.033	0.001	5498033	60
5498.542	0.001	5498542	52
5499.351	0.001	5499351	103
5500.28	0.001	5500280	104
5501.399	0.001	5501399	9
5502.787	0.001	5502787	29
5503.496	0.001	5503496	61
5504.794	0.001	5504794	49
5506.582	0.001	5506582	103
5507.86	0.001	5507860	104
5508.918	0.001	5508918	10
5510.316	0.001	5510316	30
5510.936	0.001	5510936	62
5512.324	0.001	5512324	50
5512.863	0.001	5512863	103
5513.462	0.001	5513462	104
5514.641	0.001	5514641	2
5516.039	0.001	5516039	22
5516.768	0.001	5516768	61
5518.046	0.001	5518046	42
5519.204	0.001	5519204	101
5520.263	0.001	5520263	102
5521.162	0.001	5521162	11
5522.56	0.001	5522560	31
5524.068	0.001	5524068	60
5524.567	0.001	5524567	51
5525.785	0.001	5525785	103
5526.734	0.001	5526734	104
5527.943	0.001	5527943	4
5529.331	0.001	5529331	24
5530.259	0.001	5530259	61
5531.348	0.001	5531348	44
5532.157	0.001	5532157	101
5534.074	0.001	5534074	102
5534.943	0.001	5534943	8
5536.331	0.001	5536331	28
5537.03	0.001	5537030	62
5538.338	0.001	5538338	48
5539.027	0.001	5539027	103
5539.956	0.001	5539956	104
5541.195	0.001	5541195	3
5542.593	0.001	5542593	23
5543.581	0.001	5543581	62
5544.59	0.001	5544590	43
5545.499	0.001	5545499	101
5546.907	0.001	5546907	102
5547.756	0.001	5547756	5
5549.154	0.001	5549154	25
5550.662	0.001	5550662	60
5551.171	0.001	5551171	45
5552.309	0.001	5552309	101
5553.887	0.001	5553887	102
5554.996	0.001	5554996	4
5556.384	0.001	5556384	24
5557.113	0.001	5557113	61
5558.401	0.001	5558401	44
5559.46	0.001	5559460	102
5560.478	0.001	5560478	3
5561.867	0.001	5561867	23
5562.406	0.001	5562406	62
5563.884	0.001	5563884	43
5564.483	0.001	5564483	101
5565.881	0.001	5565881	102
5566.77	0.001	5566770	11
5568.168	0.001	5568168	31
5569.656	0.001	5569656	60
5570.175	0.001	5570175	51
5571.074	0.001	5571074	103
5571.843	0.001	5571843	104
5572.991	0.001	5572991	6
5574.389	0.001	5574389	26
5575.877	0.001	5575877	60
5576.387	0.001	5576387	46
5577.046	0.001	5577046	101
5577.765	0.001	5577765	102
5578.604	0.001	5578604	1
5580.002	0.001	5580002	21
5580.881	0.001	5580881	62
5581.999	0.001	5581999	41
5582.758	0.001	5582758	101
5584.376	0.001	5584376	102
5585.544	0.001	5585544	10
5586.932	0.001	5586932	30
5588.45	0.001	5588450	60
5588.95	0.001	5588950	50
5589.499	0.001	5589499	103
5590.587	0.001	5590587	104
5591.786	0.001	5591786	2
5593.184	0.001	5593184	22
5594.233	0.001	5594233	61
5595.181	0.001	5595181	42
5595.95	0.001	5595950	101
5596.809	0.001	5596809	102
5597.918	0.001	5597918	11
5599.316	0.001	5599316	31
5600.804	0.001	5600804	60
5601.313	0.001	5601313	51
5602.012	0.001	5602012	103
5603.3	0.001	5603300	104
5604.309	0.001	5604309	4
5605.697	0.001	5605697	24
5606.376	0.001	5606376	61
5607.714	0.001	5607714	44
5608.913	0.001	5608913	101
5610.451	0.001	5610451	102
5611.429	0.001	5611429	9
5612.827	0.001	5612827	29
5613.556	0.001	5613556	61
5614.825	0.001	5614825	49
5615.524	0.001	5615524	103
5616.143	0.001	5616143	104
5617.072	0.001	5617072	2
5618.47	0.001	5618470	22
5619.628	0.001	5619628	61
5620.487	0.001	5620487	42
5621.126	0.001	5621126	101
5622.324	0.001	5622324	102
5623.153	0.001	5623153	11
5624.541	0.001	5624541	31
5626.049	0.001	5626049	60
5626.549	0.001	5626549	51
5628.366	0.001	5628366	101
5629.664	0.001	5629664	102
5630.463	0.001	5630463	1
5631.861	0.001	5631861	21
5632.381	0.001	5632381	62
5633.869	0.001	5633869	41
5634.558	0.001	5634558	101
5636.355	0.001	5636355	102
5637.584	0.001	5637584	5
5638.982	0.001	5638982	25
5640.49	0.001	5640490	60
5640.999	0.001	5640999	45
5642.367	0.001	5642367	102
5643.196	0.001	5643196	5
5644.594	0.001	5644594	25
5646.092	0.001	5646092	60
5646.591	0.001	5646591	45
5647.45	0.001	5647450	101
5648.609	0.001	5648609	102
5649.508	0.001	5649508	2
5650.906	0.001	5650906	22
5651.575	0.001	5651575	61
5652.923	0.001	5652923	42
5653.592	0.001	5653592	101
5654.77	0.001	5654770	102
5655.809	0.001	5655809	8
5657.207	0.001	5657207	28
5657.836	0.001	5657836	62
5659.204	0.001	5659204	48
5659.814	0.001	5659814	103
5660.902	0.001	5660902	104
5662.12	0.001	5662120	8
5663.519	0.001	5663519	28
5664.148	0.001	5664148	62
5665.536	0.001	5665536	48
5666.085	0.001	5666085	103
5668.452	0.001	5668452	104
5669.46	0.001	5669460	7
5670.859	0.001	5670859	27
5671.807	0.001	5671807	61
5672.876	0.001	5672876	47
5673.535	0.001	5673535	103
5674.893	0.001	5674893	104
5676.062	0.001	5676062	8
5677.46	0.001	5677460	28
5678.049	0.001	5678049	62
5679.467	0.001	5679467	48
5679.936	0.001	5679936	103
5681.264	0.001	5681264	104
5682.323	0.001	5682323	5
5683.721	0.001	5683721	25
5685.229	0.001	5685229	60
5685.728	0.001	5685728	45
5686.677	0.001	5686677	101
5688.085	0.001	5688085	102
5689.234	0.001	5689234	2
5690.632	0.001	5690632	22
5691.58	0.001	5691580	61
5692.649	0.001	5692649	42
5693.238	0.001	5693238	101
5694.287	0.001	5694287	102
5695.205	0.001	5695205	1
5696.604	0.001	5696604	21
5697.183	0.001	5697183	62
5698.601	0.001	5698601	41
5699.37	0.001	5699370	101
5701.866	0.001	5701866	102
5702.765	0.001	5702765	10
5704.163	0.001	5704163	30
5705.671	0.001	5705671	60
5706.171	0.001	5706171	50
5707.129	0.001	5707129	101
5709.316	0.001	5709316	102
5710.465	0.001	5710465	7
5711.863	0.001	5711863	27
5712.602	0.001	5712602	61
5713.88	0.001	5713880	47
5714.27	0.001	5714270	103
5715.448	0.001	5715448	104
5716.287	0.001	5716287	11
5717.685	0.001	5717685	31
5719.183	0.001	5719183	60
5719.692	0.001	5719692	51
5721.799	0.001	5721799	103
5722.628	0.001	5722628	104
5723.477	0.001	5723477	5
5724.875	0.001	5724875	25
5726.383	0.001	5726383	60
5726.892	0.001	5726892	45
5727.402	0.001	5727402	101
5729.05	0.001	5729050	102
5729.928	0.001	5729928	4
5731.326	0.001	5731326	24
5732.055	0.001	5732055	61
5733.334	0.001	5733334	44
5733.993	0.001	5733993	101
5734.822	0.001	5734822	102
5735.89	0.001	5735890	6
5737.288	0.001	5737288	26
5738.776	0.001	5738776	60
5739.286	0.001	5739286	46
5740.284	0.001	5740284	101
5741.692	0.001	5741692	102
5742.811	0.001	5742811	6
5744.209	0.001	5744209	26
5745.707	0.001	5745707	60
5746.216	0.001	5746216	46
5747.405	0.001	5747405	101
5748.593	0.001	5748593	102
5749.652	0.001	5749652	3
5751.05	0.001	5751050	23
5751.539	0.001	5751539	62
5753.047	0.001	5753047	43
5753.706	0.001	5753706	101
5755.054	0.001	5755054	102
5756.213	0.001	5756213	2
5757.611	0.001	5757611	22
5758.31	0.001	5758310	61
5759.618	0.001	5759618	42
5760.577	0.001	5760577	101
5761.456	0.001	5761456	102
5762.624	0.001	5762624	2
5764.022	0.001	5764022	22
5764.741	0.001	5764741	61
5766.039	0.001	5766039	42
5766.599	0.001	5766599	101
5769.125	0.001	5769125	102
5769.964	0.001	5769964	7
5771.362	0.001	5771362	27
5771.951	0.001	5771951	61
5773.379	0.001	5773379	47
5774.038	0.001	5774038	103
5775.057	0.001	5775057	104
5776.206	0.001	5776206	4
5777.594	0.001	5777594	24
5778.353	0.001	5778353	61
5779.611	0.001	5779611	44
5780.28	0.001	5780280	101
5781.678	0.001	5781678	102
5782.797	0.001	5782797	12
5784.195	0.001	5784195	32
5785.683	0.001	5785683	60
5786.192	0.001	5786192	52
5787.78	0.001	5787780	104
5789.048	0.001	5789048	5
5790.446	0.001	5790446	25
5791.944	0.001	5791944	60
5792.454	0.001	5792454	45
5794.79	0.001	5794790	101
5796.198	0.001	5796198	102
5797.147	0.001	5797147	6
5798.545	0.001	5798545	26
5800.053	0.001	5800053	60
5800.553	0.001	5800553	46
5801.421	0.001	5801421	101
5802.35	0.001	5802350	102
5803.339	0.001	5803339	7
5804.727	0.001	5804727	27
5805.296	0.001	5805296	61
5806.744	0.001	5806744	47
5807.923	0.001	5807923	103
5809.371	0.001	5809371	104
5810.379	0.001	5810379	5
5811.777	0.001	5811777	25
5813.265	0.001	5813265	60
5813.775	0.001	5813775	45
5814.464	0.001	5814464	101
5816.012	0.001	5816012	102
5817.24	0.001	5817240	9
5818.638	0.001	5818638	29
5819.287	0.001	5819287	61
5820.665	0.001	5820665	49
5821.384	0.001	5821384	103
5822.463	0.001	5822463	104
5823.581	0.001	5823581	10
5824.969	0.001	5824969	30
5825.559	0.001	5825559	62
5826.987	0.001	5826987	50
5827.696	0.001	5827696	103
5829.074	0.001	5829074	104
5830.302	0.001	5830302	4
5831.69	0.001	5831690	24
5832.419	0.001	5832419	61
5833.708	0.001	5833708	44
5834.277	0.001	5834277	101
5836.114	0.001	5836114	102
5837.043	0.001	5837043	1
5838.441	0.001	5838441	21
5839.08	0.001	5839080	62
5840.448	0.001	5840448	41
5841.117	0.001	5841117	101
5842.136	0.001	5842136	102
5843.364	0.001	5843364	1
5844.763	0.001	5844763	21
5845.531	0.001	5845531	62
5846.76	0.001	5846760	41
5847.539	0.001	5847539	101
5849.866	0.001	5849866	102
5850.724	0.001	5850724	6
5852.113	0.001	5852113	26
5853.62	0.001	5853620	60
5854.13	0.001	5854130	46
5855.218	0.001	5855218	101
5855.897	0.001	5855897	102
5856.776	0.001	5856776	11
5858.174	0.001	5858174	31
5859.672	0.001	5859672	60
5860.172	0.001	5860172	51
5860.721	0.001	5860721	103
5862.299	0.001	5862299	104
5863.277	0.001	5863277	7
5864.675	0.001	5864675	27
5865.484	0.001	5865484	61
5866.673	0.001	5866673	47
5867.711	0.001	5867711	103
5869.079	0.001	5869079	104
5870.048	0.001	5870048	3
5871.446	0.001	5871446	23
5872.934	0.001	5872934	62
5873.454	0.001	5873454	43
5874.233	0.001	5874233	101
5875.95	0.001	5875950	102
5877.208	0.001	5877208	1
5878.607	0.001	5878607	21
5879.425	0.001	5879425	62
5880.614	0.001	5880614	41
5881.303	0.001	5881303	101
5882.352	0.001	5882352	102
5883.31	0.001	5883310	3
5884.698	0.001	5884698	23
5886.206	0.001	5886206	60
5886.716	0.001	5886716	43
5887.165	0.001	5887165	101
5888.853	0.001	5888853	102
5890.081	0.001	5890081	9
5891.479	0.001	5891479	29
5892.018	0.001	5892018	61
5893.496	0.001	5893496	49
5893.976	0.001	5893976	103
5894.705	0.001	5894705	104
5895.843	0.001	5895843	12
5897.241	0.001	5897241	32
5898.739	0.001	5898739	60
5899.249	0.001	5899249	52
5899.838	0.001	5899838	103
5900.497	0.001	5900497	104
5901.555	0.001	5901555	9
5902.944	0.001	5902944	29
5903.603	0.001	5903603	61
5904.951	0.001	5904951	49
5905.939	0.001	5905939	103
5906.658	0.001	5906658	104
5907.917	0.001	5907917	10
5909.315	0.001	5909315	30
5910.803	0.001	5910803	60
5911.312	0.001	5911312	50
5911.692	0.001	5911692	103
5913.499	0.001	5913499	104
5914.678	0.001	5914678	3
5916.076	0.001	5916076	23
5917.094	0.001	5917094	62
5918.093	0.001	5918093	43
5919.002	0.001	5919002	101
5919.98	0.001	5919980	102
6033.946	0.001	6033946	204
6036.023	0.001	6036023	12
6037.411	0.001	6037411	32
6038.919	0.001	6038919	60
6039.418	0.001	6039418	52
6041.625	0.001	6041625	103
6044.461	0.001	6044461	8
6045.86	0.001	6045860	28
6047.348	0.001	6047348	60
6047.857	0.001	6047857	48
6049.205	0.001	6049205	103
6050.533	0.001	6050533	104
6051.542	0.001	6051542	4
6052.94	0.001	6052940	24
6053.499	0.001	6053499	61
6054.947	0.001	6054947	44
6056.315	0.001	6056315	103
6057.174	0.001	6057174	104
6058.233	0.001	6058233	4
6059.621	0.001	6059621	24
6061.129	0.001	6061129	60
6061.638	0.001	6061638	44
6062.447	0.001	6062447	103
6064.574	0.001	6064574	104
6065.413	0.001	6065413	11
6066.811	0.001	6066811	31
6068.299	0.001	6068299	60
6068.808	0.001	6068808	51
6069.517	0.001	6069517	103
6070.356	0.001	6070356	104
6071.225	0.001	6071225	11
6072.623	0.001	6072623	31
6074.121	0.001	6074121	60
6074.631	0.001	6074631	51
6075.799	0.001	6075799	103
6077.397	0.001	6077397	104
6078.545	0.001	6078545	5
6079.943	0.001	6079943	25
6081.451	0.001	6081451	60
6081.951	0.001	6081951	45
6082.58	0.001	6082580	101
6083.269	0.001	6083269	102
6084.387	0.001	6084387	5
6085.785	0.001	6085785	25
6087.283	0.001	6087283	60
6087.783	0.001	6087783	45
6088.442	0.001	6088442	101
6089.261	0.001	6089261	102
6090.299	0.001	6090299	3
6091.697	0.001	6091697	23
6092.207	0.001	6092207	62
6093.695	0.001	6093695	43
6095.023	0.001	6095023	101
6097.31	0.001	6097310	102
6098.099	0.001	6098099	3
6099.487	0.001	6099487	23
6100.206	0.001	6100206	62
6101.504	0.001	6101504	43
6101.933	0.001	6101933	101
6103.611	0.001	6103611	102
6104.46	0.001	6104460	5
6105.848	0.001	6105848	25
6107.346	0.001	6107346	60
6107.855	0.001	6107855	45
6108.415	0.001	6108415	101
6109.713	0.001	6109713	102
6110.602	0.001	6110602	9
6111.99	0.001	6111990	29
6112.679	0.001	6112679	61
6113.997	0.001	6113997	49
6114.656	0.001	6114656	103
6115.156	0.001	6115156	104
6116.244	0.001	6116244	2
6117.642	0.001	6117642	22
6118.511	0.001	6118511	61
6119.659	0.001	6119659	42
6121.647	0.001	6121647	101
6123.155	0.001	6123155	102
6124.343	0.001	6124343	7
6125.731	0.001	6125731	27
6126.34	0.001	6126340	61
6127.738	0.001	6127738	47
6128.477	0.001	6128477	103
6129.696	0.001	6129696	104
6130.644	0.001	6130644	5
6132.043	0.001	6132043	25
6133.551	0.001	6133551	60
6134.05	0.001	6134050	45
6134.739	0.001	6134739	101
6135.358	0.001	6135358	102
6136.187	0.001	6136187	11
6137.585	0.001	6137585	31
6139.083	0.001	6139083	60
6139.582	0.001	6139582	51
6140.521	0.001	6140521	103
6142.289	0.001	6142289	104
6143.567	0.001	6143567	3
6144.955	0.001	6144955	23
6145.704	0.001	6145704	62
6146.972	0.001	6146972	43
6147.961	0.001	6147961	102
6149.05	0.001	6149050	1
6150.448	0.001	6150448	21
6151.167	0.001	6151167	62
6152.445	0.001	6152445	41
6153.274	0.001	6153274	101
6154.752	0.001	6154752	102
6155.69	0.001	6155690	4
6157.079	0.001	6157079	24
6157.718	0.001	6157718	61
6159.086	0.001	6159086	44
6159.755	0.001	6159755	101
6161.443	0.001	6161443	102
6162.302	0.001	6162302	10
6163.69	0.001	6163690	30
6164.129	0.001	6164129	62
6165.707	0.001	6165707	50
6166.196	0.001	6166196	103
6166.676	0.001	6166676	104
6167.924	0.001	6167924	12
6169.322	0.001	6169322	32
6170.82	0.001	6170820	60
6171.329	0.001	6171329	52
6171.918	0.001	6171918	103
6172.997	0.001	6172997	104
6174.066	0.001	6174066	7
6175.464	0.001	6175464	27
6175.903	0.001	6175903	61
6177.481	0.001	6177481	47
6178.2	0.001	6178200	103
6178.639	0.001	6178639	104
6179.848	0.001	6179848	8
6181.246	0.001	6181246	28
6181.705	0.001	6181705	62
6183.263	0.001	6183263	48
6183.982	0.001	6183982	103
6185.111	0.001	6185111	104
6186.369	0.001	6186369	6
6187.767	0.001	6187767	26
6189.265	0.001	6189265	60
6189.774	0.001	6189774	46
6190.943	0.001	6190943	101
6192.301	0.001	6192301	102
6193.11	0.001	6193110	10
6194.508	0.001	6194508	30
6195.217	0.001	6195217	62
6196.525	0.001	6196525	50
6197.314	0.001	6197314	101
6199.381	0.001	6199381	102
6200.58	0.001	6200580	6
6201.978	0.001	6201978	26
6203.466	0.001	6203466	60
6203.975	0.001	6203975	46
6204.964	0.001	6204964	102
6206.012	0.001	6206012	9
6207.41	0.001	6207410	29
6208.179	0.001	6208179	61
6209.428	0.001	6209428	49
6210.167	0.001	6210167	101
6210.846	0.001	6210846	102
6211.794	0.001	6211794	4
6213.192	0.001	6213192	24
6213.911	0.001	6213911	61
6215.21	0.001	6215210	44
6216.268	0.001	6216268	101
6217.117	0.001	6217117	102
6218.276	0.001	6218276	8
6219.674	0.001	6219674	28
6220.193	0.001	6220193	62
6221.691	0.001	6221691	48
6222.22	0.001	6222220	103
6223.299	0.001	6223299	104
6224.557	0.001	6224557	4
6225.955	0.001	6225955	24
6226.584	0.001	6226584	61
6227.962	0.001	6227962	44
6228.542	0.001	6228542	101
6229.53	0.001	6229530	102
6230.609	0.001	6230609	1
6232.007	0.001	6232007	21
6232.496	0.001	6232496	62
6234.024	0.001	6234024	41
6236.261	0.001	6236261	102
6237.36	0.001	6237360	5
6238.758	0.001	6238758	25
6240.266	0.001	6240266	60
6240.765	0.001	6240765	45
6241.364	0.001	6241364	101
6243.082	0.001	6243082	102
6243.921	0.001	6243921	7
6245.309	0.001	6245309	27
6246.038	0.001	6246038	61
6247.316	0.001	6247316	47
6248.784	0.001	6248784	104
6249.563	0.001	6249563	1
6250.961	0.001	6250961	21
6251.76	0.001	6251760	62
6252.958	0.001	6252958	41
6253.697	0.001	6253697	101
6256.054	0.001	6256054	102
6257.043	0.001	6257043	4
6258.441	0.001	6258441	24
6259.14	0.001	6259140	61
6260.458	0.001	6260458	44
6260.878	0.001	6260878	101
6262.725	0.001	6262725	102
6263.844	0.001	6263844	9
6265.242	0.001	6265242	29
6266.111	0.001	6266111	61
6267.259	0.001	6267259	49
6267.898	0.001	6267898	103
6268.907	0.001	6268907	104
6270.105	0.001	6270105	2
6271.503	0.001	6271503	22
6272.232	0.001	6272232	61
6273.521	0.001	6273521	42
6274.29	0.001	6274290	101
6274.969	0.001	6274969	102
6275.857	0.001	6275857	8
6277.256	0.001	6277256	28
6278.763	0.001	6278763	60
6279.273	0.001	6279273	48
6279.313	0.001	6279313	103
6282.588	0.001	6282588	104
6283.807	0.001	6283807	12
6285.205	0.001	6285205	32
6286.713	0.001	6286713	60
6287.222	0.001	6287222	52
6288.38	0.001	6288380	101
6290.218	0.001	6290218	102
6291.276	0.001	6291276	7
6292.675	0.001	6292675	27
6293.424	0.001	6293424	61
6294.672	0.001	6294672	47
6295.221	0.001	6295221	103
6296.549	0.001	6296549	104
6297.618	0.001	6297618	10
6299.016	0.001	6299016	30
6299.545	0.001	6299545	62
6301.023	0.001	6301023	50
6301.473	0.001	6301473	103
6302.511	0.001	6302511	104
6303.3	0.001	6303300	1
6304.698	0.001	6304698	21
6305.527	0.001	6305527	62
6306.706	0.001	6306706	41
6308.114	0.001	6308114	101
6309.951	0.001	6309951	102
6310.75	0.001	6310750	5
6312.138	0.001	6312138	25
6313.646	0.001	6313646	60
6314.145	0.001	6314145	45
6315.054	0.001	6315054	101
6317.341	0.001	6317341	102
6318.44	0.001	6318440	2
6319.838	0.001	6319838	22
6320.587	0.001	6320587	61
6321.845	0.001	6321845	42
6322.644	0.001	6322644	101
6324.272	0.001	6324272	102
6325.26	0.001	6325260	4
6326.658	0.001	6326658	24
6327.427	0.001	6327427	61
6328.676	0.001	6328676	44
6329.485	0.001	6329485	101
6330.883	0.001	6330883	102
6331.931	0.001	6331931	1
6333.329	0.001	6333329	21
6333.909	0.001	6333909	62
6335.347	0.001	6335347	41
6335.996	0.001	6335996	101
6336.705	0.001	6336705	102
6337.634	0.001	6337634	6
6339.032	0.001	6339032	26
6340.54	0.001	6340540	60
6341.039	0.001	6341039	46
6341.918	0.001	6341918	101
6343.166	0.001	6343166	102
6344.304	0.001	6344304	9
6345.703	0.001	6345703	29
6346.402	0.001	6346402	61
6347.7	0.001	6347700	49
6348.219	0.001	6348219	103
6349.218	0.001	6349218	104
6350.416	0.001	6350416	2
6351.814	0.001	6351814	22
6352.503	0.001	6352503	61
6353.832	0.001	6353832	42
6354.69	0.001	6354690	101
6355.609	0.001	6355609	102
6356.698	0.001	6356698	7
6358.096	0.001	6358096	27
6359.584	0.001	6359584	60
6360.093	0.001	6360093	47
6361.651	0.001	6361651	103
6363.109	0.001	6363109	104
6364.148	0.001	6364148	6
6365.546	0.001	6365546	26
6367.044	0.001	6367044	60
6367.553	0.001	6367553	46
6368.302	0.001	6368302	101
6370.239	0.001	6370239	102
6371.278	0.001	6371278	6
6372.676	0.001	6372676	26
6374.174	0.001	6374174	60
6374.673	0.001	6374673	46
6377.17	0.001	6377170	103
6379.677	0.001	6379677	9
6381.075	0.001	6381075	29
6381.514	0.001	6381514	61
6383.082	0.001	6383082	49
6383.871	0.001	6383871	103
6384.909	0.001	6384909	104
6386.158	0.001	6386158	9
6387.556	0.001	6387556	29
6388.135	0.001	6388135	61
6389.573	0.001	6389573	49
6390.652	0.001	6390652	103
6391.84	0.001	6391840	104
6392.799	0.001	6392799	8
6394.197	0.001	6394197	28
6394.926	0.001	6394926	62
6396.214	0.001	6396214	48
6397.462	0.001	6397462	102
6398.271	0.001	6398271	3
6399.659	0.001	6399659	23
6400.169	0.001	6400169	62
6401.677	0.001	6401677	43
6402.575	0.001	6402575	102
6403.614	0.001	6403614	10
6405.012	0.001	6405012	30
6405.561	0.001	6405561	62
6407.009	0.001	6407009	50
6407.668	0.001	6407668	103
6408.757	0.001	6408757	104
6409.686	0.001	6409686	4
6411.084	0.001	6411084	24
6411.643	0.001	6411643	61
6413.101	0.001	6413101	44
6414.799	0.001	6414799	103
6415.708	0.001	6415708	104
6416.846	0.001	6416846	11
6418.244	0.001	6418244	31
6419.752	0.001	6419752	60
6420.251	0.001	6420251	51
6420.96	0.001	6420960	103
6422.648	0.001	6422648	104
6423.437	0.001	6423437	8
6424.835	0.001	6424835	28
6425.614	0.001	6425614	62
6426.842	0.001	6426842	48
6427.192	0.001	6427192	103
6429.079	0.001	6429079	104
6429.888	0.001	6429888	6
6431.286	0.001	6431286	26
6432.794	0.001	6432794	60
6433.294	0.001	6433294	46
6436.12	0.001	6436120	103
6438.367	0.001	6438367	9
6439.765	0.001	6439765	29
6440.514	0.001	6440514	61
6441.772	0.001	6441772	49
6442.381	0.001	6442381	103
6443.63	0.001	6443630	104
6444.668	0.001	6444668	5
6446.066	0.001	6446066	25
6447.564	0.001	6447564	60
6448.064	0.001	6448064	45
6449.232	0.001	6449232	101
6452.767	0.001	6452767	11
6454.165	0.001	6454165	31
6455.663	0.001	6455663	60
6456.173	0.001	6456173	51
6456.962	0.001	6456962	101
6457.561	0.001	6457561	102
6458.48	0.001	6458480	1
6459.878	0.001	6459878	21
6460.677	0.001	6460677	62
6461.895	0.001	6461895	41
6462.874	0.001	6462874	101
6464.032	0.001	6464032	102
6465.101	0.001	6465101	10
6466.499	0.001	6466499	30
6467.018	0.001	6467018	62
6468.516	0.001	6468516	50
6469.545	0.001	6469545	103
6470.373	0.001	6470373	104
6471.512	0.001	6471512	10
6472.9	0.001	6472900	30
6473.969	0.001	6473969	62
6474.907	0.001	6474907	50
6476.974	0.001	6476974	101
6477.564	0.001	6477564	102
6478.592	0.001	6478592	6
6479.99	0.001	6479990	26
6481.498	0.001	6481498	60
6482.008	0.001	6482008	46
6484.344	0.001	6484344	101
6484.964	0.001	6484964	102
6485.743	0.001	6485743	1
6487.141	0.001	6487141	21
6487.52	0.001	6487520	62
6489.148	0.001	6489148	41
6490.586	0.001	6490586	101
6491.535	0.001	6491535	102
6492.613	0.001	6492613	3
6494.011	0.001	6494011	23
6494.561	0.001	6494561	62
6496.009	0.001	6496009	43
6496.548	0.001	6496548	101
6498.236	0.001	6498236	102
6499.005	0.001	6499005	6
6500.403	0.001	6500403	26
6501.901	0.001	6501901	60
6502.41	0.001	6502410	46
6502.819	0.001	6502819	101
6504.697	0.001	6504697	102
6505.845	0.001	6505845	8
6507.243	0.001	6507243	28
6508.741	0.001	6508741	60
6509.241	0.001	6509241	48
6509.93	0.001	6509930	101
6511.288	0.001	6511288	102
6512.257	0.001	6512257	11
6513.655	0.001	6513655	31
6515.153	0.001	6515153	60
6515.662	0.001	6515662	51
6516.391	0.001	6516391	103
6517.05	0.001	6517050	104
6518.049	0.001	6518049	7
6519.447	0.001	6519447	27
6520.955	0.001	6520955	60
6521.454	0.001	6521454	47
6522.293	0.001	6522293	103
6522.892	0.001	6522892	104
6523.891	0.001	6523891	7
6525.289	0.001	6525289	27
6526.128	0.001	6526128	61
6527.296	0.001	6527296	47
6527.736	0.001	6527736	103
6528.564	0.001	6528564	104
6529.633	0.001	6529633	1
6531.031	0.001	6531031	21
6531.92	0.001	6531920	62
6533.038	0.001	6533038	41
6533.877	0.001	6533877	101
6535.505	0.001	6535505	102
6536.594	0.001	6536594	8
6537.982	0.001	6537982	28
6538.511	0.001	6538511	62
6539.999	0.001	6539999	48
6540.958	0.001	6540958	104
6542.106	0.001	6542106	2
6543.504	0.001	6543504	22
6544.193	0.001	6544193	61
6545.521	0.001	6545521	42
6545.991	0.001	6545991	101
6547.409	0.001	6547409	102
6548.447	0.001	6548447	11
6549.846	0.001	6549846	31
6551.334	0.001	6551334	60
6551.843	0.001	6551843	51
6552.442	0.001	6552442	103
6553.81	0.001	6553810	104
6555.078	0.001	6555078	9
6556.467	0.001	6556467	29
6557.325	0.001	6557325	62
6558.474	0.001	6558474	49
6560.291	0.001	6560291	101
6561.679	0.001	6561679	102
6562.908	0.001	6562908	3
6564.296	0.001	6564296	23
6565.025	0.001	6565025	62
6566.303	0.001	6566303	43
6566.882	0.001	6566882	101
6568.201	0.001	6568201	102
6569.279	0.001	6569279	2
6570.677	0.001	6570677	22
6571.436	0.001	6571436	61
6572.685	0.001	6572685	42
6573.274	0.001	6573274	101
6574.602	0.001	6574602	102
6575.8	0.001	6575800	7
6577.198	0.001	6577198	27
6577.838	0.001	6577838	61
6579.206	0.001	6579206	47
6581.612	0.001	6581612	101
6582.851	0.001	6582851	102
6583.869	0.001	6583869	7
6585.267	0.001	6585267	27
6585.957	0.001	6585957	61
6587.285	0.001	6587285	47
6588.583	0.001	6588583	103
6589.222	0.001	6589222	104
6590.061	0.001	6590061	4
6591.459	0.001	6591459	24
6591.859	0.001	6591859	61
6593.466	0.001	6593466	44
6594.115	0.001	6594115	101
6594.814	0.001	6594814	102
6595.923	0.001	6595923	12
6597.321	0.001	6597321	32
6598.819	0.001	6598819	60
6599.318	0.001	6599318	52
6599.908	0.001	6599908	101
6601.595	0.001	6601595	102
6602.404	0.001	6602404	5
6603.802	0.001	6603802	25
6605.3	0.001	6605300	60
6605.8	0.001	6605800	45
6606.628	0.001	6606628	101
6607.607	0.001	6607607	102
6608.436	0.001	6608436	5
6609.834	0.001	6609834	25
6611.342	0.001	6611342	60
6611.851	0.001	6611851	45
6612.62	0.001	6612620	101
6613.12	0.001	6613120	102
6613.919	0.001	6613919	3
6615.317	0.001	6615317	23
6615.886	0.001	6615886	62
6617.334	0.001	6617334	43
6618.333	0.001	6618333	101
6618.802	0.001	6618802	102
6619.98	0.001	6619980	6
6621.378	0.001	6621378	26
6622.886	0.001	6622886	60
6623.396	0.001	6623396	46
6623.985	0.001	6623985	101
6625.413	0.001	6625413	102
6626.591	0.001	6626591	11
6627.989	0.001	6627989	31
6629.497	0.001	6629497	60
6629.997	0.001	6629997	51
6630.566	0.001	6630566	103
6631.635	0.001	6631635	104
6632.723	0.001	6632723	7
6634.121	0.001	6634121	27
6634.79	0.001	6634790	61
6636.138	0.001	6636138	47
6636.668	0.001	6636668	103
6637.247	0.001	6637247	104
6638.196	0.001	6638196	3
6639.594	0.001	6639594	23
6640.443	0.001	6640443	62
6641.601	0.001	6641601	43
6642.25	0.001	6642250	101
6642.839	0.001	6642839	102
6644.028	0.001	6644028	4
6645.416	0.001	6645416	24
6646.185	0.001	6646185	61
6647.433	0.001	6647433	44
6647.902	0.001	6647902	101
6649.83	0.001	6649830	102
6650.699	0.001	6650699	10
6652.097	0.001	6652097	30
6652.646	0.001	6652646	62
6654.104	0.001	6654104	50
6654.484	0.001	6654484	103
6656.171	0.001	6656171	104
6657.15	0.001	6657150	12
6658.548	0.001	6658548	32
6660.046	0.001	6660046	60
6660.555	0.001	6660555	52
6661.045	0.001	6661045	103
6661.494	0.001	6661494	104
6662.463	0.001	6662463	8
6663.861	0.001	6663861	28
6664.49	0.001	6664490	62
6665.868	0.001	6665868	48
6666.367	0.001	6666367	103
6668.884	0.001	6668884	104
6669.972	0.001	6669972	3
6671.371	0.001	6671371	23
6671.99	0.001	6671990	62
6673.388	0.001	6673388	43
6674.237	0.001	6674237	101
6675.635	0.001	6675635	102
6676.584	0.001	6676584	2
6677.982	0.001	6677982	22
6679.49	0.001	6679490	60
6679.999	0.001	6679999	42
6680.998	0.001	6680998	101
6682.336	0.001	6682336	102
6683.584	0.001	6683584	11
6684.982	0.001	6684982	31
6686.49	0.001	6686490	60
6686.999	0.001	6686999	51
6687.459	0.001	6687459	103
6688.447	0.001	6688447	104
6689.336	0.001	6689336	10
6690.734	0.001	6690734	30
6691.583	0.001	6691583	62
6692.752	0.001	6692752	50
6693.171	0.001	6693171	103
6694.04	0.001	6694040	104
6695.068	0.001	6695068	12
6696.467	0.001	6696467	32
6697.974	0.001	6697974	60
6698.484	0.001	6698484	52
6698.883	0.001	6698883	103
6700.841	0.001	6700841	104
6702.019	0.001	6702019	2
6703.417	0.001	6703417	22
6704.925	0.001	6704925	60
6705.434	0.001	6705434	42
6706.493	0.001	6706493	101
6707.372	0.001	6707372	102
6708.54	0.001	6708540	11
6709.928	0.001	6709928	31
6711.446	0.001	6711446	60
6711.946	0.001	6711946	51
6712.405	0.001	6712405	103
6713.713	0.001	6713713	104
6714.802	0.001	6714802	10
6716.2	0.001	6716200	30
6717.268	0.001	6717268	62
6718.217	0.001	6718217	50
6718.537	0.001	6718537	103
6719.665	0.001	6719665	104
6720.454	0.001	6720454	1
6721.852	0.001	6721852	21
6722.531	0.001	6722531	62
6723.869	0.001	6723869	41
6724.538	0.001	6724538	101
6724.788	0.001	6724788	102
6725.837	0.001	6725837	3
6727.225	0.001	6727225	23
6727.764	0.001	6727764	62
6729.242	0.001	6729242	43
6729.951	0.001	6729951	101
6732.288	0.001	6732288	102
6733.117	0.001	6733117	2
6734.505	0.001	6734505	22
6735.663	0.001	6735663	62
6736.522	0.001	6736522	42
6737.171	0.001	6737171	101
6739.338	0.001	6739338	102
6740.157	0.001	6740157	6
6741.555	0.001	6741555	26
6743.063	0.001	6743063	60
6743.573	0.001	6743573	46
6744.421	0.001	6744421	101
6745.879	0.001	6745879	102
6746.788	0.001	6746788	9
6748.186	0.001	6748186	29
6749.435	0.001	6749435	61
6750.194	0.001	6750194	49
6751.272	0.001	6751272	103
6752.401	0.001	6752401	104
6753.539	0.001	6753539	12
6754.937	0.001	6754937	32
6756.435	0.001	6756435	60
6756.944	0.001	6756944	52
6757.394	0.001	6757394	103
6758.263	0.001	6758263	104
6759.141	0.001	6759141	12
6760.54	0.001	6760540	32
6762.048	0.001	6762048	60
6762.557	0.001	6762557	52
6763.076	0.001	6763076	103
6763.805	0.001	6763805	104
6764.724	0.001	6764724	12
6766.122	0.001	6766122	32
6767.63	0.001	6767630	60
6768.139	0.001	6768139	52
6768.778	0.001	6768778	103
6769.198	0.001	6769198	104
6770.127	0.001	6770127	10
6771.525	0.001	6771525	30
6772.244	0.001	6772244	62
6773.542	0.001	6773542	50
6775.399	0.001	6775399	101
6776.648	0.001	6776648	102
6777.457	0.001	6777457	9
6778.855	0.001	6778855	29
6779.474	0.001	6779474	61
6780.862	0.001	6780862	49
6781.241	0.001	6781241	103
6782.1	0.001	6782100	104
6782.999	0.001	6782999	5
6784.397	0.001	6784397	25
6785.915	0.001	6785915	60
6786.414	0.001	6786414	45
6786.944	0.001	6786944	101
6787.763	0.001	6787763	102
6788.611	0.001	6788611	2
6790.01	0.001	6790010	22
6790.868	0.001	6790868	61
6792.027	0.001	6792027	42
6792.566	0.001	6792566	101
6794.214	0.001	6794214	102
6795.083	0.001	6795083	8
6796.481	0.001	6796481	28
6797.06	0.001	6797060	62
6798.488	0.001	6798488	48
6799.227	0.001	6799227	101
6799.856	0.001	6799856	102
6801.085	0.001	6801085	1
6802.483	0.001	6802483	21
6803.991	0.001	6803991	60
6804.49	0.001	6804490	41
6805.309	0.001	6805309	101
6806.028	0.001	6806028	102
6807.066	0.001	6807066	12
6808.465	0.001	6808465	32
6809.972	0.001	6809972	60
6810.482	0.001	6810482	52
6810.941	0.001	6810941	101
6812.809	0.001	6812809	102
6951.65	0.001	6951650	205
6952.512	0.001	6952512	n/a
6952.512	0.001	6952512	n/a
6953.717	0.001	6953717	5
6955.115	0.001	6955115	25
6956.603	0.001	6956603	60
6957.113	0.001	6957113	45
6959.02	0.001	6959020	103
6960.768	0.001	6960768	104
